ID,Smiles
1,N#Cc1cn(-c2ccc(C(=O)O)c(O)c2)cc1-c1ccco1
2,N#Cc1cn(-c2ccc(C(=O)O)cc2)cc1-c1ccc(OCC(=O)O)cc1
3,N#Cc1cn(CC2CC2)c2ccc(-c3cc(C(=O)O)ccn3)cc12
4,N#Cc1cn(-c2ccc(C(=O)O)cc2)cc1-c1cccc(O)c1
5,CC(C)COc1cn(-c2ccc(C(=O)O)cc2)cc1C#N
6,N#Cc1cn(-c2ccc(C(=O)O)cc2)cc1-c1cccc(OCCO)c1
7,N#Cc1cn(-c2ccc(C(=O)O)cn2)cc1-c1ccccc1
8,N#Cc1cn(-c2ccc(C(=O)O)cc2)cc1-c1ccc(O)cc1
9,N#Cc1cn(-c2ccc(C(=O)O)cc2)cc1-c1cccc(OCC(=O)O)c1
10,N#Cc1cn(CC2CC2)c2ccc(-n3cc(C(=O)O)cn3)cc12
11,CCCCCc1cn(-c2ccc(C(=O)O)cc2)cc1C#N
12,CCC(C)Oc1ccc(-c2nc(C)c(C(=O)O)n2O)cc1C#N
13,CCCCOc1ccc(-c2nc(C)c(C(=O)O)n2O)cc1C#N
14,N#Cc1cn(-c2ccc(C(=O)O)cc2)nc1NC(=O)c1ccccc1
15,CC(C)(C)c1nn(-c2ccc(C(=O)O)c(O)c2)cc1C#N
16,CCCCc1cn(-c2ccc(C(=O)O)cc2)cc1C#N
17,COc1ccc(-c2n[nH]c(-c3ccncc3)n2)cc1[N+](=O)[O-]
18,CCCCc1cn(-c2ccc(C(=O)O)c(O)c2)cc1C#N
19,CC(C)n1cc(C#N)c2cc(-n3cc(C(=O)O)cn3)ccc21
20,CC(C)(C)COc1ccc(-n2cc(C(=O)O)cn2)cc1C#N
21,CCCc1cn(-c2ccc(C(=O)O)cc2)cc1C#N
22,CC(C)Cc1cn(-c2ccc(C(=O)O)cc2)cc1C#N
23,N#Cc1cn(-c2ccc(C(=O)O)cc2)cc1-c1ccco1
24,N#Cc1cn(-c2ccc(C(=O)O)cc2)cc1C(=O)NCc1ccccc1
25,N#Cc1cn(-c2ccc(C(=O)O)cc2)cc1CCc1ccccc1
26,COCCn1cc(C#N)c2cc(-n3cc(C(=O)O)cn3)ccc21
27,N#Cc1cn(-c2ccc(C(=O)O)cc2)cc1CCc1ccco1
28,COc1ccc(-c2cn(-c3ccc(C(=O)O)c(O)c3)cc2C#N)cc1OC
29,N#Cc1cn(-c2ccc(C(=O)O)c(O)c2)c2ccc(F)cc12
30,COc1c(-c2ccc(O)cc2)oc2cc(O)cc(O)c2c1=O
31,COCCOc1cn(-c2ccc(C(=O)O)cc2)cc1C#N
32,N#Cc1cn(-c2ccc(C(=O)O)c(O)c2)cc1-c1ccc(C(=O)O)cc1
33,N#Cc1cn(-c2ccc(C(=O)O)cc2)cc1-c1ccc(OCCO)cc1
34,CC(C)(C)COc1ccc(-c2cc(O)nc(N)n2)cc1C#N
35,N#Cc1cn(-c2ccc(C(=O)O)cc2)cc1-c1ccccc1O
36,N#Cc1cn(-c2ccc(C(=O)O)cc2)cc1-c1ccccc1OCCO
37,CCOc1cn(-c2ccc(C(=O)O)cc2)cc1C#N
38,N#Cc1cc(-n2cc(C(=O)O)cn2)ccc1N1CCCCC1
39,N#Cc1cn(-c2ccc(C(=O)O)c(O)c2)c2cc(F)ccc12
40,N#Cc1cn(-c2ccc(C(=O)O)c(O)c2)cc1-c1ccc(O)cc1
41,CC(C)Cn1cc(C#N)c2cc(-n3cc(C(=O)O)cn3)ccc21
42,N#Cc1cccc(-c2cn(-c3ccc(C(=O)O)cc3)cc2C#N)c1
43,CC(C)n1cc([N+](=O)[O-])c2cc(-n3cc(C(=O)O)cn3)ccc21
44,COCOc1ccccc1-c1cn(-c2ccc(C(=O)O)cc2)cc1C#N
45,N#Cc1cn(-c2ccc(C(=O)O)c(O)c2)c2cccc(F)c12
46,N#Cc1cn(-c2ccc(C(=O)O)c(O)c2)c2cc(Cl)c(F)cc12
47,CN(Cc1ccccc1)C(=O)c1cn(-c2ccc(C(=O)O)cc2)cc1C#N
48,N#Cc1cn(C2CCCC2)c2ccc(-n3cc(C(=O)O)cn3)cc12
49,N#Cc1cn(-c2ccc(C(=O)O)cc2)nc1NC(=O)Cc1ccccc1
50,O=[N+]([O-])c1cc(-c2n[nH]c(-c3ccncc3)n2)ccc1Cl
51,N#Cc1cn(-c2ccc(C(=O)O)cc2)cc1CCC1CCCO1
52,CC(C)n1cc(C#N)c2cc(-c3ccc(C(=O)O)s3)ccc21
53,Cc1nn(-c2ccc3c(c2)c(C#N)cn3CC2CC2)cc1C(=O)O
54,COCOc1ccc(-c2cn(-c3ccc(C(=O)O)cc3)cc2C#N)cc1
55,CC(C)COc1ccc(-c2n[nH]c(-c3ccncc3)n2)cc1C#N
56,N#Cc1cn(-c2ccc(C(=O)O)c(O)c2)nc1-c1ccccc1
57,N#Cc1cn(-c2ccc(C(=O)O)cc2)cc1-c1cccc(C(=O)O)c1
58,N#Cc1cn(-c2ccc(C(=O)O)cc2)cc1-c1cccc(OCCCO)c1
59,CC(C)(COc1ccc(-c2cc(O)nc(N)n2)cc1C#N)C(=O)O
60,N#Cc1cn(-c2ccc(C(=O)O)cc2)cc1-c1cccc(CO)c1
61,N#Cc1cc(-c2cc(O)nc(N)n2)ccc1OCc1ccc(C(=O)O)cc1
62,N#Cc1cn(-c2ccc(C(=O)O)c(O)c2)cc1-c1c(F)cccc1F
63,N#Cc1cn(-c2ccc(C(=O)O)c(O)c2)c2ccccc12
64,CC(C)c1cc2cc(-n3cc(C(=O)O)cn3)cc(C#N)c2[nH]1
65,CC(C)(C)Cn1cc(C#N)c2cc(-n3cc(C(=O)O)cn3)ccc21
66,N#Cc1cn(-c2ccc(C(=O)O)c(O)c2)c2cc(O)ccc12
67,N#Cc1cn(-c2ccc(C(=O)O)cc2)cc1-c1ccc(C(=O)O)cc1
68,N#Cc1cn(-c2ccc(C(=O)O)cc2)cc1-c1ccccc1OCC(=O)O
69,N#Cc1cn(-c2ccc(C(=O)O)c(O)c2)cc1-c1ccc(Cl)s1
70,Cn1cc(-c2cn(-c3ccc(C(=O)O)c(O)c3)cc2C#N)c2ccccc21
71,N#Cc1cn(-c2ccc(C(=O)O)c(O)c2)cc1-c1nccs1
72,CC(CF)n1cc(C#N)c2cc(-n3cc(C(=O)O)cn3)ccc21
73,N#Cc1cn(-c2ccc(C(=O)O)c(O)c2)cc1-c1ccsc1
74,N#Cc1cn(-c2ccc(C(=O)O)c(F)c2)cc1-c1ccccc1
75,N#Cc1cc(-c2n[nH]c(-c3ccncc3)n2)ccn1
76,CN(C)/C=N/c1nn(-c2ccc(C(=O)O)cc2)cc1C#N
77,COc1cn(-c2ccc(C(=O)O)c(O)c2)cc1C#N
78,N#Cc1ccc(-c2cn(-c3ccc(C(=O)O)c(O)c3)cc2C#N)cc1
79,N#Cc1cn(C2CCOC2)c2ccc(-n3cc(C(=O)O)cn3)cc12
80,N#Cc1cn(-c2ccc(C(=O)O)cc2)cc1-c1csc2ccccc12
81,N#Cc1ccc(-c2cn(-c3ccc(C(=O)O)cc3)cc2C#N)cc1
82,N#Cc1cn(-c2ccc(C(=O)O)c(O)c2)c2cc(Cl)ccc12
83,C=CCOc1ccc(-c2nc(C)c(C(=O)O)[se]2)cc1C#N
84,N#Cc1cn(-c2ccc(C(=O)O)c(O)c2)cc1-c1ccccc1O
85,N#Cc1cn(-c2ccc(C(=O)O)c(O)c2)c2ccc(O)cc12
86,COc1ccc(CCc2cn(-c3ccc(C(=O)O)c(O)c3)cc2C#N)cc1
87,N#Cc1cc(-n2cc(C(=O)O)cn2)ccc1N1CCCC1
88,N#Cc1cn(-c2ccc(C(=O)O)c(O)c2)cc1-c1cccc(O)c1
89,CC(C)CN(C)c1ccc(-n2cc(C(=O)O)cn2)cc1C#N
90,CCOc1ccc(-c2cn(-c3ccc(C(=O)O)c(O)c3)cc2C#N)cc1
91,N#Cc1cn(-c2ccc(C(=O)O)cc2)nc1OCc1ccccc1
92,N#Cc1cn(-c2ccc(C(=O)O)c(O)c2)cc1CCc1ccccc1
93,COCOc1cccc(-c2cn(-c3ccc(C(=O)O)cc3)cc2C#N)c1
94,N#Cc1cn(-c2ccc(C(=O)O)c(O)c2)cc1Cc1ccccc1
95,N#Cc1cn(-c2ccc(C(=O)O)cc2)cc1-c1cccc(OCCCCO)c1
96,COc1ccc2c(C#N)cn(-c3ccc(C(=O)O)c(O)c3)c2c1
97,N#Cc1cn(-c2ccc(C(=O)O)c(O)c2)c2cc(OCCO)ccc12
98,COCCOc1cccc(-c2cn(-c3ccc(C(=O)O)cc3)cc2C#N)c1
99,N#Cc1cccc2c1c(C#N)cn2-c1ccc(C(=O)O)c(O)c1
100,N#Cc1cn(C2CC2)c2ccc(-n3cc(C(=O)O)cn3)cc12
101,N#Cc1cn(-c2ccc(C(=O)O)cc2)cc1-c1ccccc1OCCCO
102,Cc1cn(-c2ccc(C(=O)O)c(O)c2)cc1C#N
103,COc1ccc(-c2cn(-c3ccc(C(=O)O)c(O)c3)cc2C#N)c(F)c1
104,COCCOc1ccc2c(c1)c(C#N)cn2-c1ccc(C(=O)O)c(O)c1
105,N#Cc1cn(-c2ccc(C(=O)O)c(O)c2)cc1-c1ccccc1
106,CC(CF)n1cc(C#N)c2cc(-c3cc(C(=O)O)ccn3)ccc21
107,CC(C)n1cc(C#N)c2cc(-c3cc(C(=O)O)ccn3)ccc21
108,Cc1nc(-c2ccc(OCC(C)C)c(C#N)c2)n(O)c1C(=O)O
109,N#Cc1cn(-c2ccc(C(=O)O)c(O)c2)cc1-c1csc2ccccc12
110,CSc1ccccc1-c1cn(-c2ccc(C(=O)O)c(O)c2)cc1C#N
111,N#Cc1cn(-c2ccc(C(=O)O)c(O)c2)cc1-c1cccc2c1OCO2
112,N#Cc1cn(-c2ccc(C(=O)O)c(O)c2)c2cc(F)c(F)cc12
113,COc1ccccc1-c1cn(-c2ccc(C(=O)O)c(O)c2)cc1C#N
114,CC(=O)NCCCOc1ccc2c(C#N)cn(-c3ccc(C(=O)O)c(O)c3)c2c1
115,N#Cc1cn(-c2ccc(C(=O)O)cc2F)cc1-c1ccccc1
116,CCOC(=O)c1cn(-c2ccc(C(=O)O)c(O)c2)cc1C(F)(F)F
117,CCOCCOc1cccc(-c2cn(-c3ccc(C(=O)O)cc3)cc2C#N)c1
118,CCC(C)n1cc(C#N)c2cc(-n3cc(C(=O)O)cn3)ccc21
119,COc1ccc2c(c1)c(C#N)cn2-c1ccc(C(=O)O)c(O)c1
120,CC1CCCN1c1ccc(-n2cc(C(=O)O)cn2)cc1C#N
121,c1ccc(-c2cc(-c3n[nH]c(-c4ccncc4)n3)ccn2)cc1
122,Cc1ccc(-c2cn(-c3ccc(C(=O)O)c(O)c3)cc2C#N)cc1
123,N#Cc1cn(-c2ccc(C(=O)O)cc2)cc1-c1cccc2c1OC(F)(F)O2
124,N#Cc1cn(C2CCC2)c2ccc(-n3cc(C(=O)O)cn3)cc12
125,Cc1ccsc1-c1cn(-c2ccc(C(=O)O)c(O)c2)cc1C#N
126,N#Cc1cn(-c2ccc(C(=O)O)cc2)cc1C(=O)N1CCCCC1
127,N#Cc1cn(-c2ccc(C(=O)O)c(O)c2)c2ccc(OCCO)cc12
128,N#Cc1cc(-c2cc(O)nc(N)n2)ccc1OCc1ccc(F)cc1
129,CC(=O)NCCOc1ccc2c(C#N)cn(-c3ccc(C(=O)O)c(O)c3)c2c1
130,CC(C)COc1ccc(-n2cc(C(=O)O)cn2)cc1C#N
131,N#Cc1cn(-c2ccc(C(=O)O)c(O)c2)c2cccc(O)c12
132,CC(=O)Nc1nn(-c2ccc(C(=O)O)cc2)cc1C#N
133,N#Cc1cn(-c2ccc(C(=O)O)cc2)cc1-c1cccc2ccccc12
134,CCc1c(-c2ccccc2)c(C#N)cn1-c1ccc(C(=O)O)c(O)c1
135,N#Cc1cn(-c2ccc(C(=O)O)c(O)c2)c2cc(OCCCCO)ccc12
136,N#Cc1cn(-c2ccc(C(=O)O)cc2)cc1/C=C/c1ccccc1
137,N#Cc1cn(-c2ccc(C(=O)O)cc2)cc1OCc1ccccc1
138,COCCNC(=O)c1cn(-c2ccc(C(=O)O)cc2)cc1C#N
139,N#Cc1ccc2c(c1)c(C#N)cn2-c1ccc(C(=O)O)c(O)c1
140,N#Cc1cn(-c2ccc(C(=O)O)c(O)c2)c2cc(OCC3CC3)ccc12
141,CC(=O)c1ccc(-c2ccc3c(c2)c(C#N)cn3-c2ccc(C(=O)O)cc2)cc1
142,N#Cc1cn(-c2ccc(C(=O)O)c(O)c2)c2ccc(OCC(=O)O)cc12
143,Cc1c(F)cccc1-c1cn(-c2ccc(C(=O)O)c(O)c2)cc1C#N
144,CNC(=O)c1cn(-c2ccc(C(=O)O)cc2)cc1C#N
145,N#Cc1cn(-c2ccc(C(=O)O)c(O)c2)cc1-c1cccc(F)c1
146,N#Cc1cn(-c2ccc(C(=O)O)c(O)c2)cc1-c1ccc2c(c1)OCCO2
147,N#Cc1ccc2c(C#N)cn(-c3ccc(C(=O)O)c(O)c3)c2c1
148,N#Cc1cn(-c2ccc(C(=O)O)c(O)c2)c2cc(OCC(=O)O)ccc12
149,N#Cc1cn(-c2ccc(C(=O)O)cc2)nc1-c1csc2ccccc12
150,CCOc1ccc2c(C#N)cn(-c3ccc(C(=O)O)c(O)c3)c2c1
151,N#Cc1cn(-c2ccc(C(=O)O)c(O)c2)c2cc(OCCCO)ccc12
152,N#Cc1cn(-c2ccc(C(=O)O)c(O)c2)cc1-c1ccccc1Cl
153,Cc1ccccc1-c1cn(-c2ccc(C(=O)O)c(O)c2)cc1C#N
154,CS(=O)(=O)Nc1ccc(-c2ccc3c(c2)c(C#N)cn3-c2ccc(C(=O)O)cc2)cc1
155,COc1ccc(-c2cn(-c3ccc(C(=O)O)c(O)c3)cc2C#N)c(C)c1
156,CC(C)CNc1ccc(-n2cc(C(=O)O)cn2)cc1C#N
157,N#Cc1cn(-c2ccc(C(=O)O)c(O)c2)cc1-c1cccs1
158,Clc1cc(-c2n[nH]c(-c3ccncc3)n2)ccn1
159,N#Cc1cn(-c2ccc(C(=O)O)c(O)c2)cc1C(F)(F)F
160,N#Cc1cn(-c2ccc(C(=O)O)c(O)c2)cc1C(=O)O
161,CCOc1ccccc1-c1cn(-c2ccc(C(=O)O)c(O)c2)cc1C#N
162,N#Cc1cn(-c2ccc(C(=O)O)cc2)c2ccc(OCCCO)cc12
163,N#Cc1cn(-c2ccc(C(=O)O)cc2)c2ccc(-c3ccc(O)c(Cl)c3)cc12
164,N#Cc1cn(-c2ccc(C(=O)O)c(O)c2)cc1-c1ccccc1F
165,N#Cc1cn(-c2ccc(C(=O)O)c(O)c2)c2cc3c(cc12)OCO3
166,CCOCCOc1ccc2c(C#N)cn(-c3ccc(C(=O)O)c(O)c3)c2c1
167,CS(=O)(=O)NCCOc1ccc2c(C#N)cn(-c3ccc(C(=O)O)c(O)c3)c2c1
168,COc1cccc(-c2cn(-c3ccc(C(=O)O)c(O)c3)cc2C#N)c1
169,COCCn1cc(C#N)c2cc(-c3cc(C(=O)O)ccn3)ccc21
170,N#Cc1cn(-c2ccc(C(=O)O)cc2)cc1Cc1ccccc1
171,N#Cc1ccn(-c2ccc(C(=O)O)c(O)c2)c1
172,CCCCCCCc1cn(-c2ccc(C(=O)O)cc2)cc1C#N
173,CCCCCCc1cn(-c2ccc(C(=O)O)cc2)cc1C#N
174,N#Cc1cc(-c2cc(O)nc(N)n2)ccc1OCc1ccccc1C(F)(F)F
175,N#Cc1cc(-c2cc(O)nc(N)n2)ccc1OCC1CCC(C(=O)O)CC1
176,COc1ccc(-c2cn(-c3ccc(C(=O)O)c(O)c3)cc2C#N)cc1
177,Cc1c(CC(C)C)c(C#N)cn1-c1ccc(C(=O)O)cc1
178,Cc1cc2c(C#N)cn(-c3ccc(C(=O)O)cc3)c2cc1Cl
179,N#Cc1cn(-c2ccc(C(=O)O)c(O)c2)c2ccc(Cl)cc12
180,COC(=O)c1ccc(COc2ccc(-c3cc(O)nc(N)n3)cc2C#N)cc1
181,Cc1nc(-c2ccc(OCC(C)C)c(C#N)c2)[se]c1C(=O)O
182,COc1ccc(F)c(-c2cn(-c3ccc(C(=O)O)c(O)c3)cc2C#N)c1
183,N#Cc1cn(-c2ccc(C(=O)O)c(O)c2)cc1-c1ccccc1-c1ccccc1
184,N#Cc1nn(-c2ccc(C(=O)O)cc2)cc1-c1ccc2c(c1)OCO2
185,CCCOc1ccc2c(C#N)cn(-c3ccc(C(=O)O)c(O)c3)c2c1
186,N#Cc1cn(-c2ccc(C(=O)O)cc2)c2ccc(-c3cccs3)cc12
187,N#Cc1cn(-c2cc(C(=O)O)ccn2)cc1-c1ccc2c(c1)OCCO2
188,CC(C)Oc1ccc2c(C#N)cn(-c3ccc(C(=O)O)c(O)c3)c2c1
189,CS(=O)(=O)NCCCOc1ccc2c(C#N)cn(-c3ccc(C(=O)O)c(O)c3)c2c1
190,N#Cc1cn(-c2ccc(C(=O)O)c(O)c2)cc1-c1ccccc1C(F)(F)F
191,Brc1cc(-c2n[nH]c(-c3ccncc3)n2)ccn1
192,N#Cc1cc(-c2ccnc(N)n2)ccc1OCC1CCC(C(=O)O)CC1
193,COC(=O)C1CCC(COc2ccc(-c3ccnc(N)n3)cc2C#N)CC1
194,[C-]#[N+]c1cn(-c2ccc(C(=O)O)c(O)c2)c2cscc12
195,COc1c(C)cc2c(c(C#N)cn2-c2ccc(C(=O)O)cc2)c1C
196,CN(C)CCCOc1ccc2c(C#N)cn(-c3ccc(C(=O)O)c(O)c3)c2c1
197,N#Cc1cn(C2CCOC2)c2ccc(-c3cc(C(=O)O)ccn3)cc12
198,CCCOc1cccc(-c2cn(-c3ccc(C(=O)O)c(O)c3)cc2C#N)c1
199,N#Cc1cc(-c2cc(O)nc(N)n2)ccc1OCC1CCCCC1
200,Cc1cc2c(C#N)cn(-c3ccc(C(=O)O)c(O)c3)c2cc1F
201,CC(C)Oc1cc2c(C#N)cn(-c3ccc(C(=O)O)cc3)c2cc1F
202,[C-]#[N+]c1cn(-c2ccc(C(=O)O)c(O)c2)c2ccsc12
203,CCC(CC)COc1ccc(-c2cc(O)nc(N)n2)cc1C#N
204,N#Cc1cn(-c2ccc(C(=O)O)cc2)cc1-c1cccn1-c1ccccc1
205,N#Cc1cn(-c2ccc(C(=O)O)c(O)c2)cc1-c1cc(F)ccc1F
206,Cc1cccc(C)c1-c1cn(-c2ccc(C(=O)O)c(O)c2)cc1C#N
207,COc1ccc(-c2cn(-c3ccc(C(=O)O)c(O)c3)cc2C#N)c(OC)c1
208,N#Cc1cn(-c2ccc(C(=O)O)c(O)c2)cc1/C=C/c1ccccc1
209,CCC(C)Oc1ccc(-c2nc(C)c(C(=O)O)[se]2)cc1C#N
210,N#Cc1cn(-c2ccc(C(=O)O)c(O)c2)c2cc(OCCCN)ccc12
211,COCCOc1ccc2c(C#N)cn(-c3ccc(C(=O)O)c(O)c3)c2c1
212,N#Cc1cn(-c2ccc(C(=O)O)c(O)c2)cc1-c1ccc(F)cc1
213,N#Cc1cn(-c2ccc(C(=O)O)cc2)cc1C(=O)c1ccccc1
214,CN(C)c1ccc(-n2cc(C(=O)O)cn2)cc1C#N
215,N#Cc1cn(-c2ccc(C(=O)O)c(O)c2)cc1-c1ccc2c(c1)OCO2
216,CS(=O)(=O)c1ccc(-c2ccc3c(c2)c(C#N)cn3-c2ccc(C(=O)O)cc2)cc1
217,N#Cc1cn(-c2ccc(C(=O)O)cc2)c2ccc(OCCO)cc12
218,N#Cc1cc(-c2cc(O)nc(N)n2)ccc1OCc1ccc(F)cc1C(F)(F)F
219,CC(C)n1cc([N+](=O)[O-])c2cc(-c3cc(C(=O)O)ccn3)ccc21
220,CC(C)Oc1ccc2c(c1)c(C#N)cn2-c1ccc(C(=O)O)c(O)c1
221,CCOc1ccc2c(c1)c(C#N)cn2-c1ccc(C(=O)O)c(O)c1
222,COc1cn(-c2ccc(C(=O)O)cc2)cc1C#N
223,COCCOc1ccccc1-c1cn(-c2ccc(C(=O)O)cc2)cc1C#N
224,COc1ccccc1CCc1cn(-c2ccc(C(=O)O)c(O)c2)cc1C#N
225,N#Cc1cn(-c2ccc(C(=O)O)cc2)c2ccc(C(=O)NCc3ccccc3)cc12
226,N#Cc1cn(-c2ccc(C(=O)O)c(O)c2)cc1-c1ccc(F)cc1F
227,Cc1nn(-c2ccc3c(c2)c(C#N)cn3C(C)C)cc1C(=O)O
228,COc1cccc(-c2ccc3c(c2)c(C#N)cn3-c2ccc(C(=O)O)cc2)c1
229,N#Cc1cn(-c2ccc(C(=O)O)cc2)cc1COCc1ccccc1
230,COCCn1cc(C#N)c2cc(-n3cc(C(=O)O)c(C)n3)ccc21
231,N#Cc1cn(-c2ccc(C(=O)O)c(O)c2)c2c(F)cccc12
232,Cc1cc2c(C#N)cn(-c3ccc(C(=O)O)cc3)c2cc1F
233,N#Cc1cn(-c2ccc(C(=O)O)cc2)c2ccc(/C=C/C(=O)O)cc12
234,COCCOc1ccc2c(c1)c(C#N)cn2-c1ccc(C(=O)O)cc1
235,COCCOc1ccc(-c2cn(-c3ccc(C(=O)O)c(O)c3)cc2C#N)cc1
236,N#Cc1cn(-c2ccc(C(=O)O)c(O)c2)c2cc(OCCN)ccc12
237,CC(C)c1ccc2c(C#N)cn(-c3ccc(C(=O)O)c(O)c3)c2c1
238,CS(=O)(=O)c1ccc(COc2ccc3c(c2)c(C#N)cn3-c2ccc(C(=O)O)cc2)cc1
239,CC(C)C(C)Oc1ccc(-c2cc(O)nc(N)n2)cc1C#N
240,COCCN(C)C(=O)c1cn(-c2ccc(C(=O)O)cc2)cc1C#N
241,[C-]#[N+]c1cn(-c2ccc(C(=O)O)c(O)c2)c2cc(C)sc12
242,CC(C)n1cc(C#N)c2cc(-n3cnc(C(=O)O)n3)ccc21
243,Cc1cc2c(C#N)cn(-c3ccc(C(=O)O)cn3)c2cc1F
244,[C-]#[N+]c1cn(-c2ccc(C(=O)O)c(O)c2)c2sccc12
245,N#Cc1cn(-c2ccc(C(=O)O)c(O)c2)cc1-c1cccc2ccccc12
246,CCCCOc1ccc(-c2nc(C)c(C(=O)O)[se]2)cc1C#N
247,COc1ccc(-c2cn(-c3cc(C(=O)O)ccn3)cc2C#N)cc1
248,Cc1nc(-c2ccc(OCC3CC3)c(C#N)c2)[se]c1C(=O)O
249,COc1ccc(-c2cn(-c3ccc(C(=O)O)c(O)c3)cc2C#N)cc1F
250,Cc1nn(-c2ccc(N3CCCCC3)c(C#N)c2)cc1C(=O)O
251,CCOc1cccc(-c2cn(-c3ccc(C(=O)O)c(O)c3)cc2C#N)c1
252,CSc1ccc(-c2cn(-c3ccc(C(=O)O)c(O)c3)cc2C#N)cc1
253,N#Cc1cn(-c2ccc(C(=O)O)cc2)cc1-c1ccccc1OCc1ccsc1
254,COCCOc1ccccc1-c1cn(-c2ccc(C(=O)O)c(O)c2)cc1C#N
255,Cc1ccc2c(c1)c(C#N)cn2-c1ccc(C(=O)O)c(O)c1
256,[C-]#[N+]c1cn(-c2ccc(C(=O)O)c(O)c2)c2sc(Br)cc12
257,COc1cc2c(C#N)cn(-c3ccc(C(=O)O)cc3)c2cc1Cl
258,COc1ccccc1-c1ccc2c(c1)c(C#N)cn2-c1ccc(C(=O)O)cc1
259,CN(C)CCOc1ccc2c(C#N)cn(-c3ccc(C(=O)O)c(O)c3)c2c1
260,N#Cc1cn(-c2ccc(C(=O)O)cc2)c2ccc(-c3ccncc3)cc12
261,N#Cc1cn(-c2ccc(C(=O)O)c(O)c2)c2cc(C(F)(F)F)ccc12
262,N#Cc1cn(-c2ccc(C(=O)O)c(O)c2)cc1-c1ccc(Cl)cc1
263,N#Cc1cn(-c2ccc(C(=O)O)cc2)c2ccc(OCc3cccs3)cc12
264,Cc1ccc(-c2cn(-c3ccc(C(=O)O)c(O)c3)cc2C#N)c(C)c1
265,O=C(O)c1ccc(-n2ccc([N+](=O)[O-])c2)cc1O
266,CCCc1c(C#N)cn(-c2ccc(C(=O)O)cc2)c1C
267,CCCCOc1ccc(-n2cc(C(=O)O)cn2)cc1C#N
268,COC(=O)C(C)(C)COc1ccc(-c2cc(O)nc(N)n2)cc1C#N
269,N#Cc1cn(-c2ccc(C(=O)O)c(O)c2)cc1-c1cc(F)cc(F)c1
270,N#Cc1cn(-c2ccc(C(=O)O)c(O)c2)cc1-c1cccn1-c1ccccc1
271,N#Cc1cn(-c2ccc(C(=O)O)cc2)cc1-c1cccn1Cc1ccccc1
272,COc1ccc(-c2ccc3c(c2)c(C#N)cn3-c2ccc(C(=O)O)cc2)cc1
273,Cc1cccc(-c2cn(-c3ccc(C(=O)O)c(O)c3)cc2C#N)c1
274,Cc1nc(-c2ccc(OC(C)C)c(C#N)c2)[se]c1C(=O)O
275,N#Cc1cn(-c2ccc(C(=O)O)cc2)c2ccc(O)cc12
276,COc1ccccc1/C=C/c1cn(-c2ccc(C(=O)O)c(O)c2)cc1C#N
277,COc1cc2c(C#N)cn(-c3ccc(C(=O)O)cc3)c2cc1F
278,C=CCOc1ccc(-c2nc(C)c(C(=O)O)[se]2)cc1[N+](=O)[O-]
279,CCCOc1ccc(-c2nc(C)c(C(=O)O)[se]2)cc1C#N
280,CS(=O)(=O)Nc1ccc2c(c1)c(C#N)cn2-c1ccc(C(=O)O)cc1
281,Cc1ccc2c(c1)c(C#N)cn2-c1nc(C)c(C(=O)O)s1
282,CN(C)CCCOc1ccc2c(c1)c(C#N)cn2-c1ccc(C(=O)O)cc1
283,COCCNC(=O)c1ccc2c(c1)c(C#N)cn2-c1ccc(C(=O)O)cc1
284,CC(C)Oc1ccc(-c2cn(-c3ccc(C(=O)O)c(O)c3)cc2C#N)cc1
285,CCOCCOc1ccccc1-c1cn(-c2ccc(C(=O)O)cc2)cc1C#N
286,N#Cc1cc(-c2cc(O)nc(N)n2)ccc1OCc1ccccc1
287,COc1ccc(-c2n[nH]c(-c3ccnc(C)c3)n2)cc1[N+](=O)[O-]
288,N#Cc1cn(-c2ccc(C(=O)O)c(O)c2)cc1-c1ccc(C(F)(F)F)cc1
289,COCc1cc2cc(-n3cc(C(=O)O)cn3)cc(C#N)c2[nH]1
290,CCCCc1c(C#N)cn(-c2ccc(C(=O)O)cc2)c1C
291,N#Cc1cn(-c2ccc(C(=O)O)cc2)c2ccc(OCCCN)cc12
292,Cc1ccc(-c2cn(-c3ccc(C(=O)O)c(O)c3)cc2C#N)s1
293,N#Cc1cn(-c2ccc(C(=O)O)cc2)cc1-c1cccc(OCc2ccsc2)c1
294,N#Cc1cc(-c2n[nH]c(-c3ccnc(C#N)c3)n2)ccn1
295,N#Cc1cc(-c2cc(O)nc(N)n2)ccc1OCC1CCC1
296,C=C(C)COc1ccc(-c2ncc(C(=O)O)c(=N)[nH]2)cc1C#N
297,N#Cc1cn(-c2ccc(C(=O)O)cc2)c2ccc(OCc3ccsc3)cc12
298,O=C(O)c1ccc(-n2cc(C(=O)O)c(C(F)(F)F)c2)cc1O
299,COC(=O)C1CCC(COc2ccc(-c3cc(O)nc(N)n3)cc2C#N)CC1
300,N#Cc1cn(-c2ccc(C(=O)O)cc2)c2ccc(OCCOc3ccccc3)cc12
301,CC(C)(C)c1ccc(COc2ccc(-c3cc(O)nc(N)n3)cc2C#N)cc1
302,N#Cc1cn(-c2ccc(C(=O)O)cc2)cc1-c1ccccc1OCCCCO
303,CN(C)C(=O)c1cn(-c2ccc(C(=O)O)cc2)cc1C#N
304,N#Cc1cccc(-c2cn(-c3ccc(C(=O)O)c(O)c3)cc2C#N)c1
305,N#Cc1cn(-c2cc(C(=O)O)ccn2)cc1C1=CCCCC1
306,Cc1nc(-c2ccc(OCC(C)C)c(C#N)c2)sc1C(=O)O
307,N#Cc1cn(-c2ccc(C(=O)O)cc2)c2ccc(OCC(=O)O)cc12
308,N#Cc1nc(-c2ccncc2)[nH]c1C#N
309,N#Cc1cn(-c2ccc(C(=O)O)cc2)c2ccc(-c3ccccc3)cc12
310,N#Cc1cn(-c2ccc(C(=O)O)cc2)cc1-c1cccc(OCCOc2ccccc2)c1
311,CCCCCCCCOc1ccc(-n2cc(C(=O)O)cn2)cc1C#N
312,Cc1ccc(-c2cn(-c3cc(C(=O)O)ccn3)cc2C#N)cc1
313,N#Cc1cn(-c2ccc(C(=O)O)cc2)c2ccc(OCCOCc3ccccc3)cc12
314,N#Cc1cn(-c2ccc(C(=O)O)cc2)c2ccc(OCc3ccccc3)cc12
315,N#Cc1cn(-c2ccc(C(=O)O)c(O)c2)cc1-c1cc2ccccc2s1
316,N#Cc1cn(-c2cc(C(=O)O)ccn2)cc1-c1ccccc1Cl
317,Cc1nn(-c2ccc(OCC(C)(C)C)c(C#N)c2)cc1C(=O)O
318,Cn1cc(-c2cn(-c3ccc(C(=O)O)cc3)cc2C#N)c2ccccc21
319,Cc1ccc(-c2cn(-c3ccc(C(=O)O)c(O)c3)cc2C#N)cc1F
320,CC(C)n1cc(C#N)c2cc(-n3cnc(C(=O)O)c3)ccc21
321,N#Cc1cc(-n2cc(C(=O)O)cn2)cc2cc(-c3ccccc3)[nH]c12
322,CC(C)COc1ccc(-c2n[nH]c(-c3ccncc3)n2)cn1
323,CC(C)CCOc1ccc(-c2ncc(C(=O)O)c(=N)[nH]2)cc1C#N
324,N#Cc1cn(-c2ccc(C(=O)O)c(O)c2)cc1-c1cccc(F)c1F
325,CCOCCOc1ccc2c(c1)c(C#N)cn2-c1ccc(C(=O)O)cc1
326,Cc1ccc2c(c1)c(C#N)cn2-c1ccc(C(=O)O)cn1
327,CCOc1ccc(-c2nc(C)c(C(=O)O)[se]2)cc1C#N
328,CC(C)CCOc1ccc(-c2ncc(C(=O)O)c(=O)[nH]2)cc1C#N
329,Oc1cc(O)n2ncc(-c3cccc4ccccc34)c2n1
330,Cc1cccc(-c2cnn3c(O)cc(O)nc23)c1
331,COc1cccc(-c2cn(-c3cc(C(=O)O)ccn3)cc2C#N)c1
332,N#Cc1cn(-c2ccc(C(=O)O)cc2)cc1-c1ccc2ccccc2c1
333,Cc1cccc(-c2cn(-c3cc(C(=O)O)ccn3)cc2C#N)c1
334,COCCOc1cccc(-c2cn(-c3ccc(C(=O)O)c(O)c3)cc2C#N)c1
335,N#Cc1cn(-c2ccc(C(=O)O)cc2)cc1C(=O)N1CCOCC1
336,N#Cc1cc(-c2ncc(C(=O)O)c(=N)[nH]2)ccc1OCc1ccc(Br)cc1
337,COc1ccc2ccccc2c1-c1cn(-c2ccc(C(=O)O)c(O)c2)cc1C#N
338,N#Cc1cn(-c2ccc(C(=O)O)c(O)c2)cc1-c1cc2ccccc2o1
339,CC(C)COc1ccc2c(c1)c(C#N)cn2-c1ccc(C(=O)O)c(O)c1
340,N#Cc1cn(-c2ccc(C(=O)O)cc2)cc1-c1ccccc1OCc1cccs1
341,Cc1cc(-c2nc(-c3ccncc3)n[nH]2)ccn1
342,COc1ccc(/C=C/c2cn(-c3ccc(C(=O)O)c(O)c3)cc2C#N)cc1
343,O=C(O)c1cnc(-c2ccc(OCc3cccc(Cl)c3)c(-n3ccnn3)c2)[nH]c1=O
344,Oc1cc(O)n2ncc(-c3ccc4c(c3)OCO4)c2n1
345,CC(C)(C)OC(=O)NCCCOc1ccc2c(c1)c(C#N)cn2-c1ccc(C(=O)O)cc1
346,N#Cc1cn(-c2ccc(C(=O)O)c(O)c2)c2cc(OCc3cccc(Cl)c3)ccc12
347,Cc1nc(-c2ccc(OCCC(C)C)c(C#N)c2)[se]c1C(=O)O
348,COc1ccccc1-c1cn(-c2cc(C(=O)O)ccn2)cc1C#N
349,N#Cc1cc(-c2ncc(C(=O)O)c(=O)[nH]2)ccc1OCc1ccc(Br)cc1
350,Cc1nc(-c2ccc(OCCC(C)C)c(C#N)c2)n(O)c1C(=O)O
351,Cc1cc(-c2nc(-c3ccc(Cl)c([N+](=O)[O-])c3)n[nH]2)ccn1
352,COc1ccc(-c2nc(C)c(C(=O)O)[se]2)cc1C#N
353,N#Cc1cccc(COc2ccc(NC(=O)c3ccncc3)cc2-n2cnnn2)c1
354,CCCCCCOc1ccc(-c2nc(C)c(C(=O)O)n2O)cc1C#N
355,N#Cc1cn(-c2ccc(C(=O)O)cc2)cc1-c1ccccc1-c1ccccc1
356,N#Cc1cn(-c2ccc(C(=O)O)cc2)cc1-c1cccc(Oc2ccccc2)c1
357,Oc1cc(O)n2ncc(-c3ccc(Br)cc3)c2n1
358,CC(C)COc1ccc(-n2cc(C(=O)O)cn2)cc1[N+](=O)[O-]
359,N#Cc1cn(-c2cc(C(=O)O)ccn2)cc1-c1ccc(Cl)cc1
360,CC(C)n1cc(-c2cn(-c3ccc(C(=O)O)cc3)cc2C#N)c2ccccc21
361,N#Cc1cn(-c2ccc(C(=O)O)cc2)cc1-c1ccccc1Oc1ccccc1
362,Cc1nc(-c2ccc(OCC(C)C)c([N+](=O)[O-])c2)sc1C(=O)O
363,C=C(C)COc1ccc(-c2ncc(C(=O)O)c(=O)[nH]2)cc1C#N
364,N#Cc1cn(-c2ccc(C(=O)O)c(O)c2)c2cc(OCc3ccccc3)ccc12
365,Cc1nc(-c2ccc(OCC(C)C)c([N+](=O)[O-])c2)[se]c1C(=O)O
366,N#Cc1cn(-c2ccc(C(=O)O)cc2)cc1-c1ccc(OCc2ccccc2)cc1
367,Cc1ccc(COc2ccc(-c3ncc(C(=O)O)c(=N)[nH]3)cc2C#N)cc1
368,Cc1ccc(COc2ccc(-c3ncc(C(=O)O)c(=O)[nH]3)cc2C#N)cc1
369,Cc1nc(-c2ccc(OCc3ccccc3)c(C#N)c2)[se]c1C(=O)O
370,CCCOc1ccc(-c2cn(-c3ccc(C(=O)O)c(O)c3)cc2C#N)cc1
371,CCCOc1ccccc1-c1cn(-c2ccc(C(=O)O)c(O)c2)cc1C#N
372,N#Cc1cn(-c2ccc(C(=O)O)cc2)cc1-c1ccccc1OCc1ccccc1F
373,Cc1cc2c(cc1OCc1ccccc1)c(C#N)cn2-c1ccc(C(=O)O)cc1
374,Oc1cc(O)n2ncc(-c3ccccc3)c2n1
375,N#Cc1ccc(-c2n[nH]c(-c3ccncc3)n2)cn1
376,N#Cc1cc(-c2ncc(C(=O)O)c(=O)[nH]2)ccc1OCc1ccc(F)cc1
377,N#Cc1cc(-c2ncc(C(=O)O)c(=O)[nH]2)ccc1OCc1ccccc1
378,CC(C)=CCOc1ccc(-c2ncc(C(=O)O)c(=O)[nH]2)cc1C#N
379,N#Cc1cc(-c2n[nH]c(-c3ccnc(Cl)c3)n2)ccn1
380,N#Cc1cn(-c2ccc(C(=O)O)c(O)c2)c2ccc(OCc3ccccc3)cc12
381,N#Cc1cn(-c2ccc(C(=O)O)cc2)cc1-c1ccccc1OCc1cccc(F)c1
382,N#Cc1cc(-n2cc(C(=O)O)cn2)cc2cc[nH]c12
383,COCCOc1ccc2c(C#N)cn(-c3ccc(C(=O)O)cc3)c2c1
384,Cc1nc(-c2ccc(OCc3ccccc3)c([N+](=O)[O-])c2)[se]c1C(=O)O
385,N#Cc1cn(-c2ccc(C(=O)O)c(O)c2)cc1-c1cccc(C(F)(F)F)c1
386,N#Cc1cn(-c2ccc(C(=O)O)cc2)cc1-c1cccc(OCc2cccs2)c1
387,N#Cc1cn(-c2ccc(C(=O)O)c(O)c2)c2cc(OCCNC(=O)OCc3ccccc3)ccc12
388,N#Cc1cn(-c2ccc(C(=O)O)cc2)cc1-c1ccc(-c2ccccc2)cc1
389,N#Cc1cn(-c2ccc(C(=O)O)c(O)c2)c2cc(OCCOc3ccccc3)ccc12
390,N#Cc1cn(-c2ccc(C(=O)O)c(O)c2)c2cc(OCc3ccc(Cl)cc3)ccc12
391,CC(C)COc1ccc(-n2cc(C(=O)O)cn2)cc1Br
392,Oc1cc(O)n2ncc(-c3cccnc3)c2n1
393,Oc1cc(O)n2ncc(-c3ccc(Cl)cc3)c2n1
394,N#Cc1cn(-c2ccc(C(=O)O)cc2)c2ccc(C(=O)O)cc12
395,C=CCOc1ccc(-c2ncc(C(=O)O)c(=O)[nH]2)cc1-n1ccnn1
396,Cc1cccc(COc2ccc(NC(=O)c3ccncc3)cc2-n2cnnn2)c1
397,O=C(O)c1cnc(-c2ccc(OCc3cccc(Br)c3)c(-n3ccnn3)c2)[nH]c1=O
398,Cc1nn(-c2ccc(OC(C)C)c(C#N)c2)cc1C(=O)O
399,COCOc1cc(-n2cc(C#N)c3ccccc32)ccc1C(=O)O
400,CCOC(=O)c1cn(-c2ccc(C(=O)O)cc2)cc1C(F)(F)F
401,CCCCCOc1ccc(-c2nc(C)c(C(=O)O)[se]2)cc1C#N
402,Cc1cc(-c2n[nH]c(-c3ccnc(SCC(C)C)c3)n2)ccn1
403,C=C(C)COc1ccc2c(c1)O/C(=C\c1ccc(C(=O)O)cc1)C2=O
404,O=C(O)c1cnc(-c2ccc(OCC3CC3)c(-n3ccnn3)c2)[nH]c1=O
405,N#Cc1cn(-c2ccc(C(=O)O)cc2)cc1-c1ccccc1OCCOc1ccccc1
406,O=C(O)c1cnc(-c2ccc(OCc3cccc(F)c3)c(-n3ccnn3)c2)[nH]c1=O
407,Fc1cc(-c2n[nH]c(-c3ccncc3)n2)ccn1
408,CN(C)C(=O)c1ccc2c(c1)c(C#N)cn2-c1ccc(C(=O)O)cc1
409,CC(C)COc1ccc(-c2nc(C(=O)O)cs2)cc1[N+](=O)[O-]
410,N#Cc1cn(-c2ccc(C(=O)O)cc2)cc1-c1ccccc1OCc1ccc(F)cc1
411,N#Cc1cn(-c2ccc(C(=O)O)c(O)c2)cc1-c1cccc(Cl)c1
412,CCCCOc1ccc(-c2nc(C)c(C(=O)O)[se]2)cc1[N+](=O)[O-]
413,N#Cc1cn(-c2ccc(C(=O)O)c(O)c2)c2cc(-c3ccccc3)ccc12
414,N#Cc1cn(-c2ccc(C(=O)O)c(O)c2)cc1-c1ccccc1Oc1ccccc1
415,N#Cc1cn(-c2ccc(C(=O)O)cc2)c2cc(OCCO)ccc12
416,CN(Cc1ccccc1)C(=O)c1ccc2c(c1)c(C#N)cn2-c1ccc(C(=O)O)cc1
417,N#Cc1cc(-c2ncc(C(=O)O)c(=O)[nH]2)ccc1OCc1ccc(Cl)cc1
418,COc1cccc(COc2ccc(NC(=O)c3ccncc3)cc2-n2cnnn2)c1
419,N#Cc1cc(-c2ccnc(N)n2)ccc1OCC1CCCCC1
420,C#CCOc1ccc(-c2ncc(C(=O)O)c(=O)[nH]2)cc1-n1ccnn1
421,COc1ccc(COc2ccc(-c3ncc(C(=O)O)c(=O)[nH]3)cc2-n2ccnn2)cc1
422,N#Cc1cn(-c2ccc(C(=O)O)c(O)c2)cc1-c1ccccc1OCc1ccccc1
423,COc1cccc(COc2ccc(-c3ncc(C(=O)O)c(=O)[nH]3)cc2-n2ccnn2)c1
424,N#Cc1cn(-c2cc(C(=O)O)ccn2)cc1-c1ccccc1
425,N#Cc1cn(-c2ccc(C(=O)O)cc2)cc1-c1ccc(Oc2ccccc2)cc1
426,N#Cc1cn(-c2ccc(C(=O)O)cc2)cc1-c1ccccc1OCc1ccccc1
427,N#Cc1cn(-c2ccc(C(=O)O)cc2)cc1-c1cccc(OCc2ccccc2)c1
428,Cc1ccccc1COc1ccc(NC(=O)c2ccncc2)cc1-n1cnnn1
429,O=C(O)c1cnc(-c2ccc(OCc3ccc(F)cc3)c(-n3ccnn3)c2)[nH]c1=O
430,C#CCOc1ccc(-c2nc(C)c(C(=O)O)[se]2)cc1C#N
431,CC(C)CCOc1ccc(-c2ncc(C(=O)O)c(=O)[nH]2)cc1-n1ccnn1
432,N#Cc1cn(-c2ccc(C(=O)O)cc2)cc1-c1ccccc1OCc1ccccc1Cl
433,N#Cc1cn(-c2ccc(C(=O)O)c(O)c2)c2ccc(-c3ccccc3)cc12
434,N#Cc1cn(-c2ccc(C(=O)O)cc2)cc1-c1cccc(-c2ccccc2)c1
435,O=C(O)c1cnc(-c2ccc(OCc3ccc(Br)cc3)c(-n3ccnn3)c2)[nH]c1=O
436,Cc1ccc(COc2ccccc2-c2cn(-c3ccc(C(=O)O)cc3)cc2C#N)cc1
437,C=C(C)COc1ccc(-c2ncc(C(=O)O)c(=O)[nH]2)cc1-n1ccnn1
438,N#Cc1cn(-c2ccc(C(=O)O)cc2)c2cccc(-c3ccccc3)c12
439,O=C(O)c1cnc(-c2ccc(OC3CCCC3)c(-n3ccnn3)c2)[nH]c1=O
440,Cc1nc(-n2cc(C#N)c3ccccc32)sc1C(=O)O
441,Cc1cc(-c2n[nH]c(-c3ccnc(C#N)c3)n2)ccn1
442,Cc1cc(-c2n[nH]c(-c3ccnc(-c4ccccc4)c3)n2)ccn1
443,N#Cc1cn(-c2ccc(C(=O)O)c(O)c2)cc1-c1ccc(COc2ccccc2)cc1
444,Cc1nn(-c2ccc(N3CCCCC3)c([N+](=O)[O-])c2)cc1C(=O)O
445,N#Cc1cc(-c2ccnc(N)n2)ccc1OCc1ccccc1C(F)(F)F
446,CC(C)COc1ccc(-c2cc(O)ncn2)cc1C#N
447,CC(C)COc1ccc(-c2ncc(C(=O)O)c(=O)[nH]2)cc1C#N
448,O=C(O)c1ccc(/C=C2\Oc3cc(OCc4ccccc4)ccc3C2=O)cc1
449,N#Cc1cn(-c2ccc(C(=O)O)c(O)c2)c2cccc(OCc3ccccc3)c12
450,Cc1ccc(C)c(COc2ccc3c(c2)O/C(=C\c2ccc(C(=O)O)cc2)C3=O)c1
451,Cc1cc(-c2n[nH]c(-c3ccnc(OCC(C)C)c3)n2)ccn1
452,N#Cc1cn(-c2ccc(C(=O)O)cc2)cc1-c1ccc(OCCCO)cc1
453,N#Cc1cn(-c2ccc(C(=O)O)cc2)cc1-c1cccc(OCc2ccccc2F)c1
454,O=C(O)c1cnc(-c2ccc(OCc3c(Cl)cccc3Cl)c(-n3ccnn3)c2)[nH]c1=O
455,CC(C)COc1ccc(-c2ncc(C(=O)O)c(=O)[nH]2)cc1-n1ccnn1
456,Cc1nc(-c2ccc(OCCC(C)C)c([N+](=O)[O-])c2)[se]c1C(=O)O
457,N#Cc1ccn(-c2ccc(C(=O)O)c(O)c2)n1
458,COc1ccc(COc2ccc(NC(=O)c3ccncc3)cc2-n2cnnn2)cc1
459,N#Cc1cn(-c2ccc(C(=O)O)c(O)c2)c2cc(OCc3ccccc3Cl)ccc12
460,COc1ccccc1COc1ccccc1-c1cn(-c2ccc(C(=O)O)cc2)cc1C#N
461,O=C(O)c1ccc(/C=C2\Oc3cc(O)ccc3C2=O)cc1
462,O=C(O)c1cnc(-c2ccc(OCC3CCCCC3)c(-n3ccnn3)c2)[nH]c1=O
463,O=C(O)c1ccc(/C=C2\Oc3cc(OCc4cccc5ccccc45)ccc3C2=O)cc1
464,O=C(O)c1cnc(-c2ccc(OCc3ccc(Cl)cc3)c(-n3ccnn3)c2)[nH]c1=O
465,CC(C)=CCOc1ccc(-c2ncc(C(=O)O)c(=O)[nH]2)cc1-n1ccnn1
466,Cc1cccc(COc2ccccc2-c2cn(-c3ccc(C(=O)O)cc3)cc2C#N)c1
467,N#Cc1cn(-c2ccc(C(=O)O)cc2)cc1-c1cccc(OCc2cccc(Cl)c2)c1
468,CCCCOc1ccc2c(C#N)cn(-c3ccc(C(=O)O)c(O)c3)c2c1
469,COc1cccc(COc2ccccc2-c2cn(-c3ccc(C(=O)O)cc3)cc2C#N)c1
470,N#Cc1cn(-c2ccc(C(=O)O)cn2)c2ccccc12
471,CC(C)Oc1ccc(-c2ncc(C(=O)O)c(=O)[nH]2)cc1-n1ccnn1
472,c1ccc(-c2nn3c(-c4cnccn4)nnc3s2)cc1
473,N#Cc1cc(-c2ccnc(N)n2)ccc1OCc1ccc(F)cc1C(F)(F)F
474,COc1ccc2c(c1)O/C(=C\c1ccc(C(=O)O)cc1)C2=O
475,CC(C)COc1ccc(-c2ccnc(N)n2)cc1C#N
476,C=CCOc1ccc(-c2ncc(C(=O)O)c(=O)[nH]2)cc1C#N
477,Cc1cn(-c2ccc(C(=O)O)cc2)cc1C#N
478,CCOc1ccc(-c2nc(C)c(C(=O)O)[se]2)cc1[N+](=O)[O-]
479,O=C(O)c1cnc(-c2ccc(OCc3ccc(Cl)cc3Cl)c(-n3ccnn3)c2)[nH]c1=O
480,Cc1ccccc1COc1ccccc1-c1cn(-c2ccc(C(=O)O)cc2)cc1C#N
481,N#Cc1cn(-c2ccc(C(=O)O)c(O)c2)c2cc(OCC3CCC3)ccc12
482,N#Cc1cn(-c2ccc(C(=O)O)c(O)c2)cc1-c1cccc(OCc2ccccc2)c1
483,Cc1ccccc1-c1cn(-c2cc(C(=O)O)ccn2)cc1C#N
484,CC(=O)Nc1ccc(-c2cnn3c(O)cc(O)nc23)cc1
485,Cc1cc(-c2n[nH]c(-c3ccnc(Cl)c3)n2)ccn1
486,Cc1ccc(COc2ccc(-c3ncc(C(=O)O)c(=O)[nH]3)cc2-n2ccnn2)cc1
487,COc1cc(-c2oc3cc(O)cc(O)c3c(=O)c2OC)cc(O)c1OC
488,N#Cc1cn(-c2ccc(C(=O)O)cc2)cc1-c1cccc(OCc2ccc(F)cc2)c1
489,N#Cc1cn(-c2ccc(C(=O)O)cc2)c2ccc(CO)cc12
490,CC(C)Oc1ccc(-c2ncc(C(=O)O)c(=O)[nH]2)cc1C#N
491,O=C(O)c1cnc(-c2ccc(OCc3ccccc3Cl)c(-n3ccnn3)c2)[nH]c1=O
492,CCCCCCCCOc1ccc(NC(=O)c2ccncc2)cc1-n1cnnn1
493,COc1ccc(-c2ncc(C(=O)O)c(=O)[nH]2)cc1-n1ccnn1
494,O=C(Nc1ccc(OCc2ccccc2)c(-n2cnnn2)c1)c1ccncc1
495,O=C(O)c1cnc(-c2ccc(OCc3ccccc3)c(-n3ccnn3)c2)[nH]c1=O
496,Cc1ccc(-c2cnn3c(O)cc(O)nc23)cc1
497,CN(C)c1cc2c(C#N)cn(-c3ccc(C(=O)O)cc3)c2cc1C(F)(F)F
498,N#Cc1cn(-c2ccc(C(=O)O)cc2)c2cccc(OCc3ccccc3)c12
499,CC(C)(C)COc1ccc(-n2cc(C(=O)O)c(C(F)(F)F)n2)cc1C#N
500,CCCCCCCCOc1ccc(-n2cc(C(=O)O)c(C(F)(F)F)n2)cc1C#N
501,CCOc1ccc(-n2cc(C(=O)O)c(C)n2)cc1C#N
502,Cc1nn(-c2ccc(N3CCOCC3)c([N+](=O)[O-])c2)cc1C(=O)O
503,CC(C)Oc1ccc(-n2cc(C(=O)O)c(C(F)(F)F)n2)cc1C#N
504,CCCCCCCCOc1ccc(-n2cc(C(=O)O)c(C)n2)cc1C#N
505,Cc1nn(-c2ccc(N3CCOCC3)c(C#N)c2)cc1C(=O)O
506,CCOc1ccc(-n2cc(C(=O)O)c(C(F)(F)F)n2)cc1C#N
507,CC(C)COc1ccc(-n2cc(C(=O)O)c(C(F)(F)F)n2)cc1C#N
508,N#Cc1ccc(COc2ccc(NC(=O)c3ccncc3)cc2-n2cnnn2)cc1
509,Cc1ccc(Cc2ccc(-c3nc(C)c(C(=O)O)n3O)cc2C#N)cc1
510,CCCCCCCOc1ccc(-c2nc(C)c(C(=O)O)n2O)cc1C#N
511,N#Cc1ccccc1COc1ccc(NC(=O)c2ccncc2)cc1-n1cnnn1
512,CN(C)c1ccc(-c2ccc3c(c2)c(C#N)cn3-c2ccc(C(=O)O)cc2)cc1
513,COc1cccc(COc2cccc(-c3cn(-c4ccc(C(=O)O)cc4)cc3C#N)c2)c1
514,N#Cc1cn(-c2ccc(C(=O)O)cc2)c2cc(-c3ccccc3)ccc12
515,N#Cc1cn(-c2ccc(C(=O)O)cc2)cc1-c1cccc(OCc2cccc(F)c2)c1
516,COc1ccccc1COc1ccc(NC(=O)c2ccncc2)cc1-n1cnnn1
517,N#Cc1cn(-c2ccc(O)c(C(=O)O)c2)cc1-c1ccccc1
518,CCCOc1ccc(-c2nc(C)c(C(=O)O)n2O)cc1C#N
519,O=C(Nc1ccc(OC2CCCC2)c(-n2cnnn2)c1)c1ccncc1
520,c1cncc(-c2n[nH]c(-c3ccncc3)n2)c1
521,Cc1ccc(COc2ccc(NC(=O)c3ccncc3)cc2-n2cnnn2)cc1
522,Cc1ccc(COc2cccc(-c3cn(-c4ccc(C(=O)O)cc4)cc3C#N)c2)cc1
523,N#Cc1cn(-c2ccc(C(=O)O)cc2)c2cc(CO)ccc12
524,CCC(C)COc1ccc(NC(=O)c2ccncc2)cc1-n1cnnn1
525,N#Cc1cn(-c2ccc(C(=O)O)cc2)cc1-c1ccccc1OCc1ccc(Cl)cc1
526,N#Cc1cn(-c2cc(C(=O)O)ccn2)cc1-c1cccs1
527,CC(C)CCOc1ccc(NC(=O)c2ccncc2)cc1-n1cnnn1
528,CC(C)(C)c1ccc(COc2ccc(-c3ncc(C(=O)O)c(=O)[nH]3)cc2-n2ccnn2)cc1
529,N#Cc1cc(-c2ccnc(N)n2)ccc1OCc1ccc(F)cc1
530,O=C(O)COc1ccc2c(c1)O/C(=C\c1ccc(C(=O)O)cc1)C2=O
531,CCCCCCOc1ccc(NC(=O)c2ccncc2)cc1-n1cnnn1
532,Cc1ccc(COc2ccc(-c3nc(C)c(C(=O)O)c(=O)[nH]3)cc2C#N)cc1
533,COc1ccc(-c2cc(O)nc(N)n2)cc1C#N
534,CC(C)COc1ccc(NC(=O)c2ccncc2)cc1-n1cnnn1
535,Cc1nc(-c2ccc(OC(C)C)c(C#N)c2)n(O)c1C(=O)O
536,Cc1cc(-c2nc(-c3ccc(OCC(C)C)nc3)n[nH]2)ccn1
537,c1cc(-c2n[nH]c(-c3ccncc3)n2)ccn1
538,CSc1cc(-c2nc(-c3ccnc(C)c3)n[nH]2)ccn1
539,CCC(C)Oc1ccc(NC(=O)c2ccncc2)cc1-n1cnnn1
540,CC(=O)Oc1ccc(NC(=O)c2ccncc2)cc1-n1cnnn1
541,CCCCCOc1ccc(NC(=O)c2ccncc2)cc1-n1cnnn1
542,N#Cc1cn(-c2ccc(C(=O)O)c(N)c2)c2ccccc12
543,Cc1nc(-c2ccc(OCc3ccc(Br)cc3)c(C#N)c2)[nH]c(=O)c1C(=O)O
544,CC(C)(C)c1ccc(COc2ccc(-c3ncc(C(=O)O)c(=O)[nH]3)cc2C#N)cc1
545,C[C@H]1O[C@@H](O[C@@H]2[C@@H](O)[C@H](O)[C@@H](CO)O[C@H]2OC[C@@]2(C)[C@@H](O)CC[C@@]3(C)[C@H]2CC[C@]2(C)[C@@H]3CC=C3[C@@H]4C[C@](C)(O)[C@@H](O)C[C@]4(C(=O)O)CC[C@]32C)[C@H](O)[C@@H](O)[C@@H]1O
546,COc1cccc(COc2ccc(-n3cc(C(=O)O)nn3)cc2C#N)c1
547,COc1ccc(-c2oc3cc(O)c(OC)c(O)c3c(=O)c2OC)cc1
548,N#Cc1cn(-c2ccc(C(=O)O)cc2)cc1-c1ccccc1OCc1ccccc1C(F)(F)F
549,CCCCOc1ccc(NC(=O)c2ccncc2)cc1-n1cnnn1
550,COc1ccc(OCc2nn3c(=O)cc(C)nc3s2)cc1
551,Cc1cc(-c2n[nH]c(-c3ccnc(C)c3)n2)ccn1
552,N#Cc1ccccc1COc1ccc(NC(=O)c2ccncc2)cc1C#N
553,Cc1cc(=O)n2nc(COc3ccccc3C)sc2n1
554,O=[N+]([O-])c1cnc(-c2ccncc2)[nH]1
555,CC(C)COc1ccc(-c2cc(C(=O)O)no2)cc1C#N
556,O=c1[nH]ccc2nc(-c3cccc(C(F)(F)F)c3)cn12
557,CC(C)COc1ccc(-c2cc(C(=O)O)nc(N)n2)cc1C#N
558,N#Cc1cc(-c2ccnc(N)n2)ccc1OCC1CCC1
559,COc1ccc(-n2cc(C(=O)O)cn2)cc1C#N
560,O=c1cccc(/N=N/c2cccc([N+](=O)[O-])c2)cc1O
561,Cc1cc(=O)n2nc(COc3ccc(Cl)cc3)sc2n1
562,N#Cc1nc(-c2ccncc2)[nH]c1C(N)=O
563,COc1ccc(-c2nc(C)c(C(=O)O)n2O)cc1C#N
564,Cc1nc(-c2ccc(OCCC(C)C)c(C#N)c2)[nH]c(=O)c1C(=O)O
565,C=C(C)COc1ccc(-c2nc(C)c(C(=O)O)c(=O)[nH]2)cc1C#N
566,CC(C)COc1ccc(-c2n[nH]c(-c3ccnc(C#N)c3)n2)cn1
567,N#Cc1cc(-c2cc(C(=O)O)no2)ccc1OCc1ccccc1
568,COc1ccc(COc2ccc(NC(=O)c3ccncc3)cc2C#N)cc1
569,O=Cc1ccccc1OCc1cn(Cc2ccc3c(c2)C(=O)c2ccccc2C3=O)nn1
570,CC(C)Oc1ccc(NC(=O)c2ccncc2)cc1-n1cnnn1
571,Cc1cc(=O)n2nc(COc3ccccc3Br)sc2n1
572,O=c1cc(-c2ccc(F)cc2)oc2c1ccc1ccccc12
573,O=C(O)c1cnc(-c2ccc(O)c(-n3ccnn3)c2)[nH]c1=O
574,CCCCCCCCOc1ccc(-n2cc(C(=O)O)nn2)cc1C#N
575,N#Cc1cc(-c2cc(C(=O)O)no2)ccc1OCc1ccc(Cl)cc1
576,Cc1cc(=O)n2nc(COc3ccc(Cl)c(C)c3)sc2n1
577,CC(C)CCOc1ccc(-c2nc(-c3ccncc3)cn2O)cc1C#N
578,CN(C)CCOc1ccc(-n2cc(C(=O)O)cn2)cc1C#N
579,COc1ccc(COc2ccc(-n3cc(C(=O)O)nn3)cc2C#N)cc1
580,COc1ccccc1COc1ccc(-n2cc(C(=O)O)nn2)cc1C#N
581,N#Cc1cc(NC(=O)c2ccncc2)ccc1OCc1ccc(Cl)cc1
582,O=Cc1cc(F)ccc1OCc1cn(Cc2ccc3c(c2)C(=O)c2ccccc2C3=O)nn1
583,N#Cc1ccc(COc2ccc(-n3cc(C(=O)O)nn3)cc2C#N)cc1
584,N#Cc1cc(NC(=O)c2ccncc2)ccc1OCc1ccccc1
585,N#Cc1cc(-n2cc(C(=O)O)nn2)ccc1OCc1ccc(Cl)cc1
586,O=C(N/N=C/c1c(O)cc(O)cc1O)c1ccncc1
587,O=C(O)c1cc(-c2ccc(OCc3ccccc3)c([N+](=O)[O-])c2)on1
588,CCCCCC(O)C(O)/C=C/C(O)CCCCCCCC(=O)O
589,CC(C)COc1ccc(-c2cc(C(=O)O)no2)cc1[N+](=O)[O-]
590,O=C(O)c1nc(-c2cccnc2)[nH]c1C(=O)O
591,CC(C)(C)c1ccc(COc2ccc(-c3cc(C(=O)O)no3)cc2C#N)cc1
592,Cc1cccc(OCc2nn3c(=O)cc(C)nc3s2)c1
593,CC(C)Oc1ccc(-c2cc(C(=O)NN)c(=O)[nH]n2)cc1C#N
594,N#Cc1cc(-n2cc(C(=O)O)nn2)ccc1OC1CCCC1
595,COn1c(-c2ccc(Cc3ccc(C)cc3)c(C#N)c2)nc(C)c1C(=O)O
596,N#Cc1cccc(/N=N/c2cccc(=O)c(O)c2)c1
597,O=C(/C=C/c1ccc(O)c(O)c1)c1ccc(O)c(O)c1O
598,Oc1cc(O)n2ncc(Br)c2n1
599,O=C(O)COc1ccc2c(c1)O/C(=C\c1ccccc1Cl)C2=O
600,CCCCCCCCOc1ccc(-c2nc(C)c(C(=O)O)n2O)cc1C#N
601,O=c1cc(-c2ccccc2)oc2cc(O)cc(O)c12
602,COc1ccc(/C=C2\Oc3cc(OCC(=O)O)ccc3C2=O)c(OC)c1
603,O=C(/C=C/c1ccc(O)c(O)c1)c1ccc(O)cc1O
604,O=[N+]([O-])c1cnc(-c2cccnc2)[nH]1
605,COc1ccccc1/C=C1\Oc2cc(OCC(=O)O)ccc2C1=O
606,COc1ccc(-c2cc(S)nc(N)n2)cc1OC
607,Oc1cc(O)n2ncc(Cl)c2n1
608,CCCCCCCOc1ccc(-n2cc(C(=O)O)nn2)cc1C#N
609,N#Cc1cc(-n2cc(C(=O)O)cn2)ccc1OCC(=O)O
610,CCCCCCOc1ccc(-n2cc(C(=O)O)nn2)cc1C#N
611,COc1ccc(/C=C2\Oc3cc(OCC(=O)O)ccc3C2=O)cc1
612,CCC(C)Oc1ccc(-c2nc(C)c(C(=O)O)n2OC)cc1C#N
613,CC(C)COc1ccc(NC(=O)c2ccncc2)cc1C#N
614,CC(C)CCOc1ccc(-n2cc(C(=O)O)nn2)cc1C#N
615,Cc1cc(=O)n2nc(COc3ccccc3Cl)sc2n1
616,O=c1c(-c2ccc(O)cc2)coc2cc(O)cc(O)c12
617,COc1ccccc1COc1ccc(NC(=O)c2ccncc2)cc1C#N
618,Cc1ccc(OCc2nn3c(=O)cc(C)nc3s2)c(C)c1
619,CC(C)Oc1ccc(-c2cc(C(=O)NN)c(=O)[nH]n2)cc1[N+](=O)[O-]
620,O=c1cc(-c2ccc([N+](=O)[O-])cc2)oc2c1ccc1ccccc12
621,N#Cc1cccc(COc2ccc(NC(=O)c3ccncc3)cc2C#N)c1
622,FC(F)(F)c1cnc(-c2ccncc2)[nH]1
623,CC(C)CCOc1ccc(NC(=O)c2ccncc2)cc1C#N
624,O=C(Nc1ccncc1)c1ccc(OCc2ccccc2)c(-n2cnnn2)c1
625,CCCCOc1ccc(NC(=O)c2ccncc2)cc1C#N
626,N#Cc1ccc(COc2ccc(NC(=O)c3ccncc3)cc2C#N)cc1
627,N#Cc1cc(-n2cc(C(=O)O)nn2)ccc1OCc1ccccc1
628,CC(=O)NC(CC(=O)c1ccc2ccccc2c1)c1cccc(Br)c1
629,Cc1cc(=O)n2nc(COc3ccc([N+](=O)[O-])cc3)sc2n1
630,CCOc1ccc(-c2cc(C(=O)NN)c(=O)[nH]n2)cc1C#N
631,CCCCCCOc1ccc(NC(=O)c2ccncc2)cc1C#N
632,O=Cc1cc(O)c2c(c1)C(=O)c1cccc(O)c1C2=O
633,O=C(O)c1cc(-c2ccc(OCc3ccc(Cl)cc3)c([N+](=O)[O-])c2)on1
634,CCCCCOc1ccc(-n2cc(C(=O)O)nn2)cc1C#N
635,CC(C)COc1ccc(C(=O)Nc2ccncc2)cc1-n1cnnn1
636,CC(C)COc1ccc(-c2cc(C(=O)NN)c(=O)[nH]n2)cc1C#N
637,CCCCCOc1ccc(NC(=O)c2ccncc2)cc1C#N
638,O=c1cccc(/N=N/c2cc(C(F)(F)F)cc(C(F)(F)F)c2)cc1O
639,O=C(/C=C/c1ccc(O)c(O)c1)c1ccc(O)c(O)c1
640,O=C1/C(=C/c2ccc(O)c(O)c2)Oc2cc(O)ccc21
641,CCCOc1ccc(-c2cc(C(=O)NN)c(=O)[nH]n2)cc1C#N
642,O=C(OC[C@H]1O[C@@H](OC(=O)c2cc(O)c(O)c(O)c2)[C@H](OC(=O)c2cc(O)c(O)c(O)c2)[C@@H](OC(=O)c2cc(O)c(O)c(O)c2)[C@@H]1OC(=O)c1cc(O)c(O)c(O)c1)c1cc(O)c(O)c(O)c1
643,CC(C)COc1ccc(-n2cc(C(=O)O)nn2)cc1C#N
644,O=c1cc(-c2ccccc2)oc2cc(O)c(O)c(O)c12
645,N#Cc1cccc(-n2cc(C(=O)O)cn2)c1
646,N#Cc1cccc(COc2ccc(-n3cc(C(=O)O)nn3)cc2C#N)c1
647,O=c1cc(-c2ccc(O)cc2)oc2cc(O)cc(O)c12
648,N#Cc1cc(-n2cc(C(=O)O)cn2)ccc1O
649,CC(C)COc1ccc(-c2cc(C(=O)NN)c(=O)[nH]n2)cc1[N+](=O)[O-]
650,O=C(O)COc1ccc2c(c1)O/C(=C\c1ccccc1C(=O)O)C2=O
651,CCCCCOc1ccc(C(=O)Nc2ccncc2)cc1-n1cnnn1
652,O=C1c2cccc(O)c2C(=O)c2c(O)cc(/C=N/c3ccccc3)cc21
653,COc1cc(-c2c(O)c(=O)oc3cc(O)cc(O)c23)ccc1O
654,CC(C)COc1ccc(-c2cc(C(N)=O)nc(N)n2)cc1C#N
655,CCCOc1ccc(NC(=O)c2ccncc2)cc1C#N
656,Cc1cc(C(=O)O)cc(-c2ccc3c(c2)c(C#N)cn3C(C)C)n1
657,CCC(C)Oc1ccc(-n2cc(C(=O)O)nn2)cc1C#N
658,CCCCCCOc1ccc(-c2nc(C)c(C(=O)O)n2OC)cc1C#N
659,COC(=O)C1=C(C)Oc2ccc3ccccc3c2C1c1cccs1
660,O=c1c(O)c(-c2cc(O)c(O)c(O)c2)oc2cc(O)ccc12
661,O=C(/C=C/c1ccc(O)c(O)c1)c1ccc(O)cc1
662,Cn1c2ccccc2c2cc(/C=C/C(=O)c3cccc(NC(=O)C4CC4)c3)ccc21
663,CCC(C)Oc1ccc(-c2nc(-c3ccncc3)cn2O)cc1C#N
664,Cn1c2ccccc2c2cc(/C=C/C(=O)c3cccc(NC(=O)c4cccc(Cl)c4)c3)ccc21
665,CNC(=O)/C=C/c1ccc(O)c2oc(-c3ccc(O)c(O)c3)cc12
666,O=C(O)COc1ccc2c(c1)O/C(=C\c1ccccc1)C2=O
667,Cn1c2ccccc2c2cc(/C=C/C(=O)c3cccc(NC(=O)c4cccc(F)c4)c3)ccc21
668,CC(C)CCOc1ccc(-c2cc(C(=O)NN)c(=O)[nH]n2)cc1C#N
669,COc1cc(-c2oc3cc(O)c(OC)c(O)c3c(=O)c2OC)cc(OC)c1OC
670,CCCCCCOc1ccc(C(=O)Nc2ccncc2)cc1-n1cnnn1
671,N#Cc1ccc(COc2cc(O)cc3oc4cc(O)c(O)cc4c(=O)c23)cc1
672,CC(C)COc1ccc(-n2cc(C(=O)O)cn2)cc1
673,O=c1c2cc(O)c(O)cc2oc2cc(O)cc(OCc3ccc(Cl)cc3)c12
674,CC(C)Oc1ccc(-c2nc(-c3ccncc3)cn2O)cc1C#N
675,O=c1cc(-c2ccccc2F)oc2c1ccc1ccccc12
676,CCCCCCCOc1ccc(NC(=O)c2ccncc2)cc1C#N
677,Oc1cc(O)n2nccc2n1
678,CCCCOc1ccc(-n2cc(C(=O)O)nn2)cc1C#N
679,Cn1c2ccccc2c2cc(/C=C/C(=O)c3cccc(NC(=O)/C=C/c4ccccc4)c3)ccc21
680,Cn1c2ccccc2c2cc(/C=C/C(=O)c3cccc(NC(=O)c4cccc(C(F)(F)F)c4)c3)ccc21
681,O=c1cc(-c2ccc([N+](=O)[O-])cc2)oc2ccc3ccccc3c12
682,CCCCOc1ccc(-c2cc(C(=O)NN)c(=O)[nH]n2)cc1C#N
683,Cc1ccc(C(=O)Nc2cccc(C(=O)/C=C/c3ccc4c(c3)c3ccccc3n4C)c2)cc1
684,CC(=O)N1N=C(c2ccco2)CC1c1ccncc1
685,O=C(/C=C/c1ccc(O)c(O)c1)c1cccc(O)c1
686,O=C(/C=C/c1ccc(O)c(O)c1O)c1ccc(O)c(O)c1O
687,Cn1c2ccccc2c2cc(/C=C/C(=O)c3cccc(NC(=O)c4ccc(Cl)cc4)c3)ccc21
688,N#Cc1cnc(-c2ccncc2)[nH]1
689,N#Cc1cc(NC(=O)c2ccncc2)ccc1OC1CCCC1
690,Cc1ccc(COc2cc(O)cc3oc4cc(O)c(O)cc4c(=O)c23)cc1
691,O=C(O)c1nc(-c2ccncc2)[nH]c1C(=O)O
692,CCCCCOc1ccc(-c2cc(C(=O)NN)c(=O)[nH]n2)cc1C#N
693,CC(C)CCOc1ccc(-c2cc(C(=O)NN)c(=O)[nH]n2)cc1[N+](=O)[O-]
694,CCC(C)Oc1ccc(NC(=O)c2ccncc2)cc1C#N
695,COC(=O)C1=C(C)Oc2ccc3ccccc3c2C1c1ccc[nH]1
696,O=c1cc(-c2cccnc2)[nH]c2ccccc12
697,CC(C)Oc1ccc(-n2cc(C(=O)O)nn2)cc1C#N
698,O=c1c2cc(O)c(O)cc2oc2cc(O)cc(OCc3ccccc3Cl)c12
699,O=c1nc(-c2ccncc2)cc(-c2cccs2)[nH]1
700,O=Cc1ccc(F)cc1OCc1cn(Cc2ccc3c(c2)C(=O)c2ccccc2C3=O)nn1
701,O=C(/C=C/c1ccc(O)c(O)c1)c1cc(O)cc(O)c1
702,COC(=O)/C=C/c1ccc(O)c2oc(-c3ccc(O)c(O)c3)cc12
703,CC(C)CCOc1ccc(-c2nc(-c3cccnc3)cn2O)cc1C#N
704,COc1cc(-c2oc3cc(O)c(OC)c(O)c3c(=O)c2OC)cc(O)c1OC
705,O=c1cc(-c2cc(F)cc(F)c2)oc2c1ccc1ccccc12
706,COc1ccc(Nc2ncnc3c2C(c2ccc(O)c(OC)c2)C2=C(CCCC2=O)O3)cc1
707,Cc1ccccc1COc1cc(O)cc2oc3cc(O)c(O)cc3c(=O)c12
708,O=c1nc(-c2ccncc2)cc(-c2ccco2)[nH]1
709,CC(C)COc1ccc(NC(=O)C(=O)O)cc1Cl
710,COC(=O)C1=C(C)Oc2ccc3ccccc3c2C1c1sccc1C
711,O=c1cccc(/N=N/c2cccc(C(F)(F)F)c2)cc1O
712,O=c1ncnc2[nH][nH]cc1-2
713,O=c1cc(-c2cc(F)cc(F)c2)oc2ccc3ccccc3c12
714,COc1ccc(Nc2ncnc3c2C(c2ccc(OC)c(OC)c2)C2=C(CCCC2=O)O3)cc1
715,COn1c(-c2ccc(OCCC(C)C)c(C#N)c2)nc(C)c1C(=O)O
716,COc1cccc2c1C(=O)c1c(OC)cc(/C=N/[C@H]3C(OC(C)=O)O[C@H](COC(C)=O)[C@@H](OC(C)=O)[C@H]3OC(C)=O)cc1C2=O
717,COc1ccc(Nc2ncnc3c2C(c2ccc(O)c(O)c2)C2=C(CCCC2=O)O3)cc1
718,CC(=O)NC(CC(=O)c1ccc2ccccc2c1)c1ccccc1
719,O=C(/C=C/c1cc(O)ccc1O)c1ccc(O)c(O)c1
720,O=c1cccc(/N=N/c2cccc(F)c2)cc1O
721,O=c1cc(-c2ccc(Br)cc2)oc2ccc3ccccc3c12
722,O=c1cc(-c2ccc(Br)cc2)oc2c1ccc1ccccc12
723,CCCCCCn1cc(COc2ccc(F)cc2C=O)nn1
724,COc1ccc(-c2cc(O)nc(N)n2)cc1
725,CC(C)Oc1ccc(NC(=O)c2ccncc2)cc1C#N
726,C=CCOc1ccc(-c2nc(-c3cccnc3)cn2O)cc1C#N
727,O=C(O)CCc1ccc(O)c2oc(-c3ccc(O)c(O)c3)cc12
728,COc1ccc(-c2oc3cc(OC)cc(O)c3c(=O)c2OC)cc1
729,COC(=O)C1=C(C)Oc2ccc3ccccc3c2C1c1ccco1
730,CC(C)COc1ccc(-c2nc(-c3ccnc(Cl)c3)n[nH]2)cc1[N+](=O)[O-]
731,Cc1cc(-c2nc(-c3ccc(OCC(C)C)c([N+](=O)[O-])c3)n[nH]2)ccn1
732,O=C(N/N=C/c1ccc(O)c(O)c1)c1cccnc1
733,O=c1cc(-c2ccc(O)c(O)c2)oc2cc(O)cc(O)c12
734,Oc1nc(-c2ccccc2)cc(-c2ccccc2)n1
735,CC(C)COc1ccc(-c2nc(-c3cccnc3)cn2O)cc1C#N
736,O=C(/C=C/c1ccc(O)c2oc(-c3ccc(O)c(O)c3)cc12)Nc1ccc(O)cc1
737,O=c1nc(-c2ccncc2)cc(-c2cccc3ccccc23)[nH]1
738,O=C1C[C@@H](c2ccc(O)cc2)Oc2cc(O)ccc21
739,CCOC(=O)C1=C(C)Oc2ccc3ccccc3c2C1c1cccs1
740,CNC(=O)CCc1ccc(O)c2oc(-c3ccc(O)c(O)c3)cc12
741,O=c1nc(-c2ccc(Cl)cc2)cc(-c2ccc(Cl)cc2)[nH]1
742,CC(=O)N1N=C(c2ccco2)CC1c1ccc([N+](=O)[O-])cc1
743,O=C(N/N=C/c1ccc(O)c(O)c1)c1ccncc1
744,O=c1cc(-c2ccc(F)cc2)oc2ccc3ccccc3c12
745,O=c1cc(-c2ccc(O)cc2)oc2cc(O)c(O)c(O)c12
746,CC(C)(C)c1ccc(COc2ccc(-c3cc(C(=O)O)no3)cc2[N+](=O)[O-])cc1
747,c1cc(-c2nc3cnccc3[nH]2)ccn1
748,CC(=O)N1N=C(c2ccco2)CC1c1cccc([N+](=O)[O-])c1
749,CCOC(=O)C1=C(C)Oc2ccc3ccccc3c2C1c1ccco1
750,CCNC(=O)/C=C/c1ccc(O)c2oc(-c3ccc(O)c(O)c3)cc12
751,Cc1cccc(COc2cc(O)cc3oc4cc(O)c(O)cc4c(=O)c23)c1
752,CC(C)NC(=O)/C=C/c1ccc(O)c2oc(-c3ccc(O)c(O)c3)cc12
753,COc1cc(-c2cc(=O)c3c(O)cc(O)cc3o2)ccc1O
754,COc1ccc(-c2cc(=O)c3c(O)cc(O)cc3o2)cc1
755,CC(=O)N1N=C(c2ccco2)CC1c1ccccc1[N+](=O)[O-]
756,O=c1cc(-c2ccccc2F)oc2ccc3ccccc3c12
757,CC(=O)N1N=C(c2ccco2)CC1c1cccc(Cl)c1Cl
758,COc1ccc(-c2oc3cc(OC)c(OC)c(O)c3c(=O)c2OC)cc1
759,Clc1cc2nc(-c3ccncc3)[nH]c2cc1Cl
760,O=[N+]([O-])c1cnn2c(O)cc(O)nc12
761,CC(C)COc1ccc(NC(=O)Nc2ccncc2)cc1[N+](=O)[O-]
762,COc1ccc(Nc2ncnc3c2C(c2ccc(O)c(OC)c2)c2c(c(=O)oc4ccccc24)O3)cc1
763,O=Cc1cccc(OCc2cn(Cc3ccc4c(c3)C(=O)c3ccccc3C4=O)nn2)c1
764,CC(=O)N1N=C(c2ccco2)CC1c1ccc(Cl)cc1
765,CC(=O)NC(CC(=O)c1ccco1)c1cccc([N+](=O)[O-])c1
766,COc1ccc(-c2nc(-c3ccncc3)cn2O)cc1C#N
767,CCOC(=O)/C=C/c1ccc(O)c2oc(-c3ccc(O)c(O)c3)cc12
768,O=C(/C=C/c1ccc(O)c2oc(-c3ccc(O)c(O)c3)cc12)NCc1ccccc1
769,O=C(O)/C=C/c1ccc(O)c2oc(-c3ccc(O)c(O)c3)cc12
770,COc1cc(C=O)cc(OC)c1OCc1cn(Cc2ccc3c(c2)C(=O)c2ccccc2C3=O)nn1
771,O=c1cc(-c2ccccc2Br)oc2c1ccc1ccccc12
772,Cc1cc(-c2nc(-c3ccc(OCC(C)C)c(C#N)c3)n[nH]2)ccn1
773,O=c1cccc(/N=N/c2cccc(Cl)c2)cc1O
774,COC(=O)C1=C(C)Oc2ccc3ccccc3c2C1c1ccc(OC)c(OC)c1
775,COc1ccc(Nc2ncnc3c2C(c2ccc(OC)c(OC)c2)c2c(c(=O)oc4ccccc24)O3)cc1
776,O=C(/C=C/c1ccc(O)c(O)c1)c1cc(O)ccc1O
777,O=c1cc(-c2ccccc2Br)oc2ccc3ccccc3c12
778,CC(=O)N1N=C(c2ccco2)CC1c1ccc(Br)cc1
779,O=C(/C=C/c1ccc(O)c2oc(-c3ccc(O)c(O)c3)cc12)Nc1ccccc1
780,COc1ccc(Nc2ncnc3c2C(c2ccc(O)c(O)c2)c2c(c(=O)oc4ccccc24)O3)cc1
781,O=C(/C=C/c1ccc(O)c(O)c1O)c1ccc(O)c(O)c1
782,N#Cc1ccc(/N=N/c2cccc(=O)c(O)c2)cc1C(F)(F)F
783,C=CCNC(=O)/C=C/c1ccc(O)c2oc(-c3ccc(O)c(O)c3)cc12
784,C=C1CC[C@]2(C(=O)O)CC[C@]3(C)C(=CC[C@@H]4[C@@]5(C)CC[C@H](O[C@@H]6OC[C@H](O)[C@H](O)[C@H]6O[C@@H]6O[C@@H](C)[C@H](O)[C@@H](O)[C@H]6O)C(C)(C)[C@@H]5CC[C@]43C)[C@@H]2C1
785,O=c1cc(-c2cccc(Cl)c2Cl)oc2ccc3ccccc3c12
786,C[N+](C)(C)Cc1cc(O)c2c(c1)C(=O)c1cccc(O)c1C2=O.[Cl-]
787,COc1ccc(-c2cc(=O)c3ccc4ccccc4c3o2)cc1
788,CC(=O)N1N=C(c2ccco2)CC1c1ccc(C)cc1
789,CCCCCCCCOc1ccc(NC(=O)c2ccncc2)cc1C#N
790,CCCOC(=O)/C=C/c1ccc(O)c2oc(-c3ccc(O)c(O)c3)cc12
791,O=c1cc(-c2ccccc2I)oc2c1ccc1ccccc12
792,CC(=O)NC(CC(=O)c1cc(C)sc1C)c1cccc([N+](=O)[O-])c1
793,O=c1cc(-c2ccccc2)oc2ccc3ccccc3c12
794,O=c1cc(-c2ccccc2)oc2c1ccc1ccccc12
795,COc1ccc(-c2cc(=O)c3c(ccc4ccccc43)o2)cc1
796,O=c1cc(-c2cccc([N+](=O)[O-])c2)oc2ccc3ccccc3c12
797,O=c1cc(-c2cccc(Br)c2)oc2c1ccc1ccccc12
798,O=c1cc(-c2cccc(Cl)c2)oc2c1ccc1ccccc12
799,O=c1cc(-c2cc([N+](=O)[O-])cc([N+](=O)[O-])c2)oc2ccc3ccccc3c12
800,O=c1cc(-c2cccc(F)c2)oc2c1ccc1ccccc12
801,O=c1cc(-c2cccc(F)c2)oc2ccc3ccccc3c12
802,Cc1ccc(-c2cc(=O)c3ccc4ccccc4c3o2)cc1
803,O=c1cc(-c2cccc(Cl)c2)oc2ccc3ccccc3c12
804,O=c1cc(-c2cc([N+](=O)[O-])cc([N+](=O)[O-])c2)oc2c1ccc1ccccc12
805,O=c1cc(-c2ccccc2I)oc2ccc3ccccc3c12
806,Cc1ccc(-c2cc(=O)c3c(ccc4ccccc43)o2)cc1
807,O=c1cc(-c2cccc([N+](=O)[O-])c2)oc2c1ccc1ccccc12
808,O=c1cc(-c2cccc(Br)c2)oc2ccc3ccccc3c12
809,O=c1cc(-c2cccc(Cl)c2Cl)oc2c1ccc1ccccc12
810,Brc1nc(-c2cccnc2)[nH]c1Br
811,CCOC(=O)c1cc(-c2nc(-c3ccnc(C)c3)n[nH]2)ccc1OCC(C)C
812,O=c1c2cc(O)c(O)cc2oc2cc(O)cc(OCc3ccc(Br)cc3)c12
813,Cc1cccc(C(=O)Nc2cccc(C(=O)/C=C/c3ccc4c(c3)c3ccccc3n4C)c2)c1
814,Cc1cc(-c2n[nH]c(-c3ccc(OCCOCCOCCCl)c(C#N)c3)n2)ccn1
815,COc1cc(O)c2c(=O)c(OC)c(-c3cc(O)c(OC)c(OC)c3)oc2c1
816,COc1cccc(/C=N/NC(=O)c2ccncc2)c1O
817,O=C(/C=C/c1ccc(O)c2oc(-c3ccc(O)c(O)c3)cc12)N1CCCCC1
818,COc1ccc(C2CC(c3ccco3)=NN2C(C)=O)cc1
819,N#Cc1cn(CC2CC2)c2ccc(-n3cc(C(=O)O)c(C(F)(F)F)n3)cc12
820,O=Cc1cc(F)ccc1OCc1cn(Cc2ccccc2)nn1
821,CC(=O)NC(CC(=O)c1cc(C)sc1C)c1ccc(Cl)cc1
822,O=c1c2cc(O)c(O)cc2oc2cc(O)cc(O)c12
823,CC(=O)NC(CC(=O)c1cc(Cl)cs1)c1ccc(Cl)cc1
824,O=C1CC(c2ccc(O)c(O)c2)Oc2c1c(O)cc(O)c2[C@@H]1C(=O)c2c(O)cc(O)cc2O[C@H]1c1ccc(O)cc1
825,N#Cc1cc(NC(=O)c2ccccn2)ccc1OCc1ccccc1
826,Cc1c(/N=N/c2cccc(=O)c(O)c2)cccc1[N+](=O)[O-]
827,CC(=O)N1N=C(c2ccco2)CC1c1ccc(N(C)C)cc1
828,COC(=O)C1=C(C)Oc2ccc3ccccc3c2C1c1ccc(O)cc1
829,COCOc1ccc(-c2nc(-c3ccnc(C)c3)n[nH]2)cc1C#N
830,COCCOCOc1ccc(-c2nc(-c3ccnc(C)c3)n[nH]2)cc1C#N
831,COc1ccc(Nc2ncnc3c2C(c2ccccc2OC)C2=C(CCCC2=O)O3)cc1
832,COc1ccc(Nc2ncnc3c2C(c2ccc(OC)cc2)c2c(c(=O)oc4ccccc24)O3)cc1
833,CC(C)OC(=O)/C=C/c1ccc(O)c2oc(-c3ccc(O)c(O)c3)cc12
834,COc1ccc(OC)c(C(CC(=O)c2cc(Cl)cs2)NC(C)=O)c1
835,COc1ccc(Nc2ncnc3c2C(c2ccc(OC)cc2)C2=C(CCCC2=O)O3)cc1
836,Cn1c2ccccc2c2cc(/C=C/C(=O)c3cccc(NC(=O)c4ccc(F)cc4)c3)ccc21
837,CC(=O)NC(CC(=O)c1ccco1)c1ccccc1
838,CCCCOCCOCCOc1ccc(-c2nc(-c3ccnc(C)c3)n[nH]2)cc1C#N
839,COCCOc1ccc(-n2cc(C(=O)O)nn2)cc1C#N
840,CC(=O)NC(CC(=O)c1ccccc1)c1cccc([N+](=O)[O-])c1
841,CC(=O)N1N=C(c2ccco2)CC1c1ccccc1
842,COc1cc(C2CC(c3ccco3)=NN2C(C)=O)ccc1O
843,O=C(/C=C/c1cccc(O)c1)c1ccc(O)cc1O
844,CC(=O)NC(CC(=O)c1cccs1)c1ccccc1
845,CC(=O)NC(CC(=O)c1ccccc1)c1ccc(Cl)cc1
846,CC(=O)N1N=C(c2ccco2)CC1c1cccc(O)c1
847,COc1ccc(OC)c(C2CC(c3ccco3)=NN2C(C)=O)c1
848,COc1ccc(Nc2ncnc3c2C(c2ccc(O)cc2)C2=C(CCCC2=O)O3)cc1
849,CC(=O)N1N=C(c2ccco2)CC1c1ccc2c(c1)OCO2
850,CC(=O)NC(CC(=O)c1ccccc1)c1cccc(Br)c1
851,CC(=O)NC(CC(=O)c1ccccc1)c1ccc([N+](=O)[O-])cc1
852,COc1cc(C2CC(c3ccco3)=NN2C(C)=O)cc(OC)c1OC
853,CC(=O)NC(CC(=O)c1ccccc1)c1ccc(C#N)cc1
854,COc1ccc(Nc2ncnc3c2C(c2ccccc2OC)c2c(c(=O)oc4ccccc24)O3)cc1
855,CC(C)n1cc(C#N)c2cc(-n3cc(C(=O)O)c(C(F)(F)F)n3)ccc21
856,COc1ccc(C2CC(c3ccco3)=NN2C(C)=O)cc1OC
857,Cc1nc(O)cc(-c2ccc(OCC(C)C)c(C#N)c2)n1
858,CCCOc1ccc(-n2cc(C(=O)O)nn2)cc1C#N
859,COc1ccc(Nc2ncnc3c2C(c2cccc(O)c2)C2=C(CCCC2=O)O3)cc1
860,COc1ccc(Nc2ncnc3c2C(c2ccc(O)cc2)c2c(c(=O)oc4ccccc24)O3)cc1
861,COc1cc(OC)c(C2CC(c3ccco3)=NN2C(C)=O)cc1OC
862,COc1ccc(-c2cc(O)nc(N)n2)cc1OC
863,Cn1c2ccccc2c2cc(/C=C/C(=O)c3cccc(NC(=O)c4ccccc4Cl)c3)ccc21
864,O=Cc1ccc(OCc2cn(Cc3ccc4c(c3)C(=O)c3ccccc3C4=O)nn2)cc1
865,COCCOCCOc1ccc(-c2nc(-c3ccnc(C)c3)n[nH]2)cc1C#N
866,COc1c(-c2ccc(O)c(O)c2)oc2cc(O)cc(O)c2c1=O
867,O=c1c(O)c(-c2ccc(O)c(O)c2)oc2cc(O)cc(O)c12
868,CC(=O)Nc1cccc(C(=O)CC(NC(C)=O)c2cccc([N+](=O)[O-])c2)c1
869,CC(=O)N1N=C(c2cccc3ccccc23)CC1c1ccc([N+](=O)[O-])cc1
870,CC(=O)NC(CC(=O)c1ccccc1)c1ccccc1[N+](=O)[O-]
871,N#Cc1cc(NC(=O)c2cccnc2)ccc1OCc1ccccc1
872,CC(C)COc1ccc(-c2n[nH]c(-c3ccncc3)n2)cc1[N+](=O)[O-]
873,CC(=O)N1N=C(c2cccc3ccccc23)CC1c1cccc(Cl)c1Cl
874,COc1cc(-c2oc3cc(O)cc(O)c3c(=O)c2OS(=O)(=O)[O-])ccc1O.[K+]
875,N#Cc1nc(-c2cccnc2)[nH]c1C#N
876,O=C(/C=C/c1ccc(O)c(O)c1)c1c(O)cccc1O
877,CC(C)CCOc1ccc(NC(=O)c2cccnc2)cc1C#N
878,COc1ccc(Nc2ncnc3c2C(c2cccc(C)c2)C2=C(CCCC2=O)O3)cc1
879,COc1ccc(Nc2ncnc3c2C(c2cccc(O)c2)c2c(c(=O)oc4ccccc24)O3)cc1
880,O=c1cc(-c2ccc(O)c(-c3c(O)cc(O)c4c(=O)cc(-c5ccc(O)cc5)oc34)c2)oc2cc(O)cc(O)c12
881,COc1c(-c2ccc(O[C@@H]3O[C@H](CO)[C@@H](O)[C@H](O)[C@H]3O)c(O)c2)oc2cc(O)cc(O)c2c1=O
882,CC(=O)N1N=C(c2cccc3ccccc23)CC1c1cccc([N+](=O)[O-])c1
883,COC(=O)C1=C(C)Oc2ccc3ccccc3c2C1c1ccc(OC)cc1
884,COc1ccc(Nc2ncnc3c2C(c2cccc(C)c2)c2c(c(=O)oc4ccccc24)O3)cc1
885,CC(=O)N1N=C(c2cccc3ccccc23)CC1c1ccccc1[N+](=O)[O-]
886,CC(=O)NC(CC(=O)c1ccccc1)c1ccccc1
887,O=C(CCc1ccc(O)c2oc(-c3ccc(O)c(O)c3)cc12)Nc1ccc(O)cc1
888,CC(=O)N1N=C(c2cccc3ccccc23)CC1c1cccc(Br)c1
889,COc1ccc(Nc2ncnc3c2C(c2ccccc2)C2=C(CCCC2=O)O3)cc1
890,COc1ccc(Nc2ncnc3c2C(c2cc(OC)c(OC)c(OC)c2)C2=C(CCCC2=O)O3)cc1
891,FC(F)(F)c1cnc(-c2cccnc2)[nH]1
892,CC(=O)NC(CC(=O)c1cccc2ccccc12)c1ccccc1
893,Cc1cc(-c2n[nH]c(-c3ccc(OCCO)c(C#N)c3)n2)ccn1
894,COc1ccc(Nc2ncnc3c2C(c2ccccc2)c2c(c(=O)oc4ccccc24)O3)cc1
895,CC(=O)NC(CC(=O)c1ccc(Cl)cc1)c1ccc(Cl)cc1
896,CC(=O)N1N=C(c2cccc3ccccc23)CC1c1ccccc1
897,CC(=O)Nc1cccc(C(=O)CC(NC(C)=O)c2ccc(Cl)cc2)c1
898,COc1ccc(Nc2ncnc3c2C(c2cc(OC)c(OC)c(OC)c2)c2c(c(=O)oc4ccccc24)O3)cc1
899,CC(=O)NC(CC(=O)c1ccc(Cl)cc1)c1ccccc1
900,COc1ccc(NC(=O)/C=C/c2ccc(O)c3oc(-c4ccc(O)c(O)c4)cc23)cc1
901,CC(=O)NC(CC(=O)c1cccc2ccccc12)c1cccc(Br)c1
902,Cn1c2ccccc2c2cc(/C=C/C(=O)c3cccc(NC(=O)c4ccccc4)c3)ccc21
903,Cc1cc(-c2n[nH]c(-c3ccc(O)c(C#N)c3)n2)ccn1
904,COc1ccc(OC)c(C(CC(=O)c2cccc(NC(C)=O)c2)NC(C)=O)c1
905,COc1ccc(C2CC(c3cccc4ccccc34)=NN2C(C)=O)cc1
906,O=C(CC(NC(=O)c1ccccc1)c1cccc([N+](=O)[O-])c1)c1ccccc1
907,COc1ccc(OC)c(C(CC(=O)c2ccccc2)NC(C)=O)c1
908,CC(=O)NC(CC(=O)c1cccc2ccccc12)c1cccc([N+](=O)[O-])c1
909,COc1ccc(C(CC(=O)c2ccccc2)NC(C)=O)cc1OC
910,CCOC(=O)C1=C(C)Oc2ccc3ccccc3c2C1c1ccccc1
911,CC(=O)NC(CC(=O)c1ccc(Cl)cc1)c1ccc(C)cc1
912,COc1ccc(OC)c(C2CC(c3cccc4ccccc34)=NN2C(C)=O)c1
913,COc1cccc(/N=N/c2cccc(=O)c(O)c2)c1
914,O=c1cccc(/N=N/c2ccccc2)cc1O
915,COc1ccc(C(CC(=O)c2ccccc2)NC(C)=O)cc1
916,CC(C)(C)NC(=O)/C=C/c1ccc(O)c2oc(-c3ccc(O)c(O)c3)cc12
917,CC(=O)NC(CC(=O)c1ccc([N+](=O)[O-])cc1)c1ccc(Cl)cc1
918,COc1ccc(C2CC(c3cccc4ccccc34)=NN2C(C)=O)cc1OC
919,COc1cc(C2CC(c3cccc4ccccc34)=NN2C(C)=O)ccc1O
920,COc1ccc(C(CC(=O)c2ccccc2)NC(C)=O)c(OC)c1OC
921,COc1cc(OC)c(C2CC(c3cccc4ccccc34)=NN2C(C)=O)cc1OC
922,O=Cc1cc(Cl)ccc1OCc1cn(Cc2ccc3c(c2)C(=O)c2ccccc2C3=O)nn1
923,C=CCNC(=O)CCc1ccc(O)c2oc(-c3ccc(O)c(O)c3)cc12
924,CC(=O)N1N=C(c2cccc3ccccc23)CC1c1ccc2c(c1)OCO2
925,O=C(/C=C/c1ccc(O)cc1)c1ccc(O)cc1O
926,CC(=O)NC(CC(=O)c1ccc([N+](=O)[O-])cc1)c1ccccc1
927,COc1cc(C(CC(=O)c2ccccc2)NC(C)=O)cc(OC)c1OC
928,Cn1c2ccccc2c2cc(/C=C/C(=O)c3cccc(N)c3)ccc21
929,C[C@]1(C(=O)O)C[C@H]2C3=CC[C@@H]4[C@@]5(C)CC[C@H](O)[C@](C)(CO[C@@H]6O[C@H](CO)[C@@H](O)[C@H](O)[C@H]6O)[C@@H]5CC[C@@]4(C)[C@]3(C)CC[C@@]2(C(=O)O)C[C@@H]1O
930,COc1cc(C2CC(c3cccc4ccccc34)=NN2C(C)=O)cc(OC)c1OC
931,COc1ccc(Nc2ncnc3c2C(c2ccc(F)cc2)c2c(c(=O)oc4ccccc24)O3)cc1
932,COc1ccc(Nc2ncnc3c2C(c2ccc(F)cc2)C2=C(CCCC2=O)O3)cc1
933,Cc1ccc(NC(=O)/C=C/c2ccc(O)c3oc(-c4ccc(O)c(O)c4)cc23)cc1
934,CC(=O)N1N=C(c2ccc(Br)cc2)CC1c1cccc(Cl)c1Cl
935,COc1ccc(Nc2ncnc3c2C(c2cccc(Cl)c2)C2=C(CCCC2=O)O3)cc1
936,COc1ccc(C(CC(=O)c2ccc([N+](=O)[O-])cc2)NC(C)=O)cc1
937,O=C(/C=C/c1ccc(O)c(O)c1)c1ccccc1
938,CC(=O)NC(CC(=O)c1ccccc1)c1ccc2ccccc2c1
939,COc1ccc(Nc2ncnc3c2C(c2cccc(Cl)c2)c2c(c(=O)oc4ccccc24)O3)cc1
940,CCOc1cccc(/C=N/NC(=O)c2ccncc2)c1O
941,COc1ccc(Nc2ncnc3c2C(c2ccc(Cl)cc2)C2=C(CCCC2=O)O3)cc1
942,CC(=O)N1N=C(c2ccccc2)CC1c1cccc(Cl)c1Cl
943,COc1ccc(Nc2ncnc3c2C(c2ccc(Cl)cc2)c2c(c(=O)oc4ccccc24)O3)cc1
944,O=C(/C=C/c1ccccc1O)c1ccc(O)cc1O
945,COc1cc(/N=N/c2cccc(=O)c(O)c2)cc(OC)c1OC
946,Cn1c2ccccc2c2cc(/C=C/C(=O)c3cccc(NC(=O)c4ccc(C(C)(C)C)cc4)c3)ccc21
947,CC(=O)N1N=C(c2cccc([N+](=O)[O-])c2)CC1c1cccc(Cl)c1Cl
948,COc1ccc(Nc2ncnc3c2C(c2ccc(Br)cc2)C2=C(CCCC2=O)O3)cc1
949,O=C(CC(NC(=O)c1ccccc1)c1ccccc1)c1ccccc1
950,CC(=O)NC(CC(=O)c1ccccc1)c1cccc2ccccc12
951,COc1ccc(Nc2ncnc3c2C(c2cccc([N+](=O)[O-])c2)C2=C(CCCC2=O)O3)cc1
952,COc1ccc(Nc2ncnc3c2C(c2ccc(O)c(OC)c2)c2c(n[nH]c2C)O3)cc1
953,Cc1cc(-c2n[nH]c(-c3ccc(OCC4COC(C)(C)O4)c(C#N)c3)n2)ccn1
954,COc1ccc(Nc2ncnc3c2C(c2ccc(Br)cc2)c2c(c(=O)oc4ccccc24)O3)cc1
955,CC(=O)N1N=C(c2ccccc2)CC1c1ccccc1
956,CC(=O)NC(CC(=O)c1ccccc1)c1ccco1
957,COc1ccc(Nc2ncnc3c2C(c2ccc(OC)c(OC)c2)c2c(n[nH]c2C)O3)cc1
958,COCCOc1ccc(-c2nc(-c3ccnc(C)c3)n[nH]2)cc1C#N
959,COc1ccc(Nc2ncnc3c2C(c2ccc([N+](=O)[O-])cc2)c2c(c(=O)oc4ccccc24)O3)cc1
960,COc1ccc(C2CC(c3ccc(Br)cc3)=NN2C(C)=O)cc1OC
961,COc1ccc(Nc2ncnc3c2C(c2cccc([N+](=O)[O-])c2)c2c(c(=O)oc4ccccc24)O3)cc1
962,CC(=O)NC(CC(=O)c1ccccc1)c1cccs1
963,CC(=O)N1N=C(c2ccc(Br)cc2)CC1c1ccc2c(c1)OCO2
964,COc1ccc(C2CC(c3ccc(Br)cc3)=NN2C(C)=O)cc1
965,COc1ccc(Nc2ncnc3c2C(c2ccc([N+](=O)[O-])cc2)C2=C(CCCC2=O)O3)cc1
966,COc1ccc(Nc2ncnc3c2C(c2ccc(O)c(O)c2)c2c(n[nH]c2C)O3)cc1
967,CC(=O)Nc1cccc(C(=O)CC(/C=C/c2ccccc2)NC(C)=O)c1
968,CC(=O)N1N=C(c2ccccc2)CC1c1ccc2c(c1)OCO2
969,O=C(/C=C/c1ccccc1)c1ccccc1O
970,CC(=O)N1N=C(c2ccc(Br)cc2)CC1c1ccccc1
971,COc1ccc(C2CC(c3cccc([N+](=O)[O-])c3)=NN2C(C)=O)cc1
972,CC(=O)N1N=C(c2ccccc2)CC1c1ccc(N(C)C)cc1
973,COc1cc(C2CC(c3ccc(Br)cc3)=NN2C(C)=O)cc(OC)c1OC
974,COc1ccc(C2CC(c3cccc([N+](=O)[O-])c3)=NN2C(C)=O)cc1OC
975,O=c1cc(-c2ccc(O)c(O)c2)oc2cc(O[C@@H]3O[C@H](CO)[C@@H](O)[C@H](O)[C@H]3O)cc(O)c12
976,CC(=O)N1N=C(c2cccc([N+](=O)[O-])c2)CC1c1ccc2c(c1)OCO2
977,COc1ccc(C2CC(c3ccccc3)=NN2C(C)=O)cc1
978,CC(=O)NC(/C=C/c1ccccc1)CC(=O)c1ccccc1
979,CC(=O)N1N=C(c2cccc([N+](=O)[O-])c2)CC1c1ccccc1
980,O=C(/C=C/c1ccc(O)cc1)c1ccccc1O
981,Cn1c2ccccc2c2cc(/C=C/C(=O)c3cccc(NC(=O)c4ccccc4F)c3)ccc21
982,C=C1CC[C@]2(C(=O)O[C@@H]3O[C@H](CO[C@@H]4O[C@H](CO)[C@@H](O)[C@H](O)[C@H]4O)[C@@H](O)[C@H](O)[C@H]3O)CC[C@]3(C)C(=CC[C@@H]4[C@@]5(C)CC[C@H](O[C@@H]6OC[C@H](O)[C@H](O)[C@H]6O)[C@@](C)(CO)[C@@H]5CC[C@]43C)[C@@H]2C1
983,COC(=O)c1cccc(/N=N/c2cccc(=O)c(O)c2)c1
984,COc1cc(C2CC(c3ccccc3)=NN2C(C)=O)ccc1O
985,COc1ccc(C2CC(c3ccccc3)=NN2C(C)=O)cc1OC
986,O=C(/C=C/c1ccc(O)c2oc(-c3ccc(O)c(O)c3)cc12)Nc1ccc(F)cc1
987,COc1cc(C2CC(c3ccccc3)=NN2C(C)=O)cc(OC)c1OC
988,O=C(/C=C/c1ccccc1O)c1ccccc1O
989,Cn1c2ccccc2c2cc(/C=C/C(=O)c3cccc(NC(=O)c4cccc(Br)c4)c3)ccc21
990,O=C(/C=C/c1cccc(O)c1)c1cccc(O)c1
991,C=C1CC[C@]2(C(=O)O[C@@H]3O[C@H](CO[C@@H]4O[C@H](CO)[C@@H](O[C@@H]5O[C@@H](C)[C@H](O)[C@@H](O)[C@H]5O)[C@H](O)[C@H]4O)[C@@H](O)[C@H](O)[C@H]3O)CC[C@]3(C)C(=CC[C@@H]4[C@@]5(C)CC[C@H](O[C@@H]6OC[C@H](O)[C@H](O[C@@H]7O[C@H](C(=O)O)[C@@H](O)[C@H](O)[C@H]7O)[C@H]6O)[C@@](C)(CO)[C@@H]5CC[C@]43C)[C@@H]2C1
992,CC(=O)N1N=C(c2ccco2)CC1c1ccc2ccccc2c1
993,C[N+](=O)C(CC(=O)c1ccccc1)c1c2ccccc2cc2ccccc12
994,O=C(/C=C/c1cccc(O)c1)c1ccccc1O
995,O=C(/C=C/c1cccc(O)c1O)c1ccc(O)c(O)c1
996,O=C1c2c(O)cc(O)cc2O[C@H](c2ccc(O)cc2)[C@H]1O
997,C[C@@H]1O[C@@H](O[C@@H]2[C@@H](O[C@H]3CC[C@@]4(C)[C@@H](CC[C@]5(C)[C@@H]4CC=C4[C@@H]6C[C@H](CO)CC[C@]6(C(=O)O[C@H]6O[C@@H](CO[C@@H]7O[C@H](CO)[C@@H](O[C@@H]8O[C@@H](C)[C@H](O)[C@@H](O)[C@H]8O)[C@H](O)[C@H]7O)[C@H](O)[C@@H](O)[C@@H]6O)CC[C@]45C)C3(C)C)OC[C@@H](O)[C@H]2O)[C@H](O)[C@H](O)[C@H]1O
998,C=C1CC[C@]2(C(=O)O[C@H]3O[C@@H](CO[C@H]4O[C@@H](CO)[C@H](O)[C@@H](O)[C@@H]4O)[C@H](O)[C@@H](O)[C@@H]3O)CC[C@]3(C)C(=CC[C@@H]4[C@@]5(C)CC[C@H](O[C@H]6OC[C@@H](O)[C@@H](O)[C@@H]6O[C@@H]6O[C@@H](C)[C@H](O)[C@@H](O[C@H]7OC[C@@H](O)[C@@H](O)[C@@H]7O)[C@H]6O)C(C)(C)[C@@H]5CC[C@]43C)[C@@H]2C1
999,O=C(CCc1ccc(O)c2oc(-c3ccc(O)c(O)c3)cc12)N1CCOCC1
1000,COc1ccc(-c2cc(OC)nc(N)n2)cc1
1001,COc1ccc(-c2cc(O)nc(O)n2)cc1
1002,C=C1CC[C@]2(C(=O)O[C@@H]3O[C@H](CO[C@@H]4O[C@H](CO)[C@@H](O)[C@H](O)[C@H]4O)[C@@H](O)[C@H](O)[C@H]3O)CC[C@]3(C)C(=CC[C@@H]4[C@@]5(C)CC[C@H](O[C@@H]6OC[C@H](O)[C@H](O[C@@H]7OC[C@H](O)[C@H](O)[C@H]7O)[C@H]6O)C(C)(C)[C@@H]5CC[C@]43C)[C@@H]2C1
1003,O=C(/C=C/c1ccc(O)c2oc(-c3ccc(O)c(O)c3)cc12)Nc1ccc(Br)cc1
1004,Cc1ccccc1C(=O)Nc1cccc(C(=O)/C=C/c2ccc3c(c2)c2ccccc2n3C)c1
1005,c1ccc(C2=NNC(c3ccccc3)C2)cc1
1006,COc1ccc(-c2cc(C#N)nc(NN)n2)cc1
1007,COc1ccc(-c2cc(N)nc(N)n2)cc1
1008,CC(=O)N1N=C(c2cccc3ccccc23)CC1c1ccc2ccccc2c1
1009,COc1ccc(-c2cc(Cl)nc(Cl)n2)cc1
1010,Cn1c2ccccc2c2cc(/C=C/C(=O)c3cccc(NC(=O)c4ccco4)c3)ccc21
1011,COc1ccc(-c2cc(C(F)(F)F)nc(N)n2)cc1
1012,Cn1c2ccccc2c2cc(/C=C/C(=O)c3cccc(NC(=O)c4cccs4)c3)ccc21
1013,CC(=O)Nc1cccc(C(=O)/C=C/c2ccc3c(c2)c2ccccc2n3C)c1
1014,COc1ccc(-c2ccnc(N)n2)cc1
1015,C=C1CC[C@@]2(C(=O)O[C@@H]3O[C@H](CO[C@@H]4O[C@H](CO)[C@@H](O)[C@H](O)[C@H]4O)[C@@H](O)[C@H](O)[C@H]3O)CC[C@@]3(C)C(=CC[C@H]4[C@]5(C)CC[C@@H](O[C@@H]6OC[C@H](O)[C@H](O)[C@H]6O[C@@H]6OC[C@H](O)[C@H](O[C@H]7OC[C@@H](O)[C@@H](O)[C@@H]7O)[C@H]6O)C(C)(C)[C@H]5CC[C@@]43C)[C@H]2C1
1016,C=C1CC[C@]2(C(=O)O[C@H]3O[C@@H](CO[C@@H]4O[C@H](CO)[C@@H](O[C@@H]5O[C@@H](C)[C@H](O)[C@@H](O)[C@H]5O)[C@H](O)[C@H]4O)[C@H](O)[C@@H](O)[C@@H]3O)CC[C@]3(C)C(=CC[C@@H]4[C@@]5(C)CC[C@H](O[C@H]6OC[C@@H](O)[C@@H](O[C@H]7OC[C@@H](O)[C@@H](O)[C@@H]7O[C@@H]7OC[C@@H](O)[C@H](O[C@H]8OC[C@@H](O)[C@@H](O)[C@@H]8O)[C@H]7O)[C@@H]6O)C(C)(C)[C@@H]5CC[C@]43C)[C@@H]2C1
1017,C[C@]1(C(=O)O)C[C@H]2C3=CC[C@@H]4[C@@]5(C)C[C@@H](O)[C@H](O)[C@](C)(CO)[C@@H]5CC[C@@]4(C)[C@]3(C)CC[C@@]2(C(=O)O)C[C@@H]1O
1018,COc1ccc(-c2cc(NS(C)(=O)=O)nc(N)n2)cc1
1019,O=C(/C=C/c1ccc(O)c2oc(-c3ccc(O)c(O)c3)cc12)N1CCOCC1
1020,O=C(/C=C/c1ccc(O)c2oc(-c3ccc(O)c(O)c3)cc12)Nc1ccc(Cl)cc1
1021,Cc1cc(-c2n[nH]c(-c3ccc(OCC(=O)O)c(C#N)c3)n2)ccn1
1022,O=C(/C=C/c1ccc(O)cc1)c1cccc(O)c1
1023,O=C(/C=C/c1ccccc1O)c1ccccc1
1024,O=C(/C=C/c1ccc(O)cc1)c1ccccc1
1025,O=C(N/N=C/c1cc(O)cc(O)c1)c1cccnc1
1026,O=C(/C=C/c1ccccc1)c1cccc(O)c1
1027,O=C(N/N=C/c1cccc([N+](=O)[O-])c1)c1ccncc1
1028,O=C(N/N=C/c1ccccc1F)c1cccnc1
1029,COc1cccc(/C=N/NC(=O)c2cccnc2)c1O
1030,COc1c(O)cc(O)c2c(=O)cc(-c3ccccc3)oc12
1031,O=C(N/N=C/c1ccc(Cl)cc1)c1ccncc1
1032,Cc1ccccc1/C=N/NC(=O)c1cccnc1
1033,O=C(N/N=C/c1cccc([N+](=O)[O-])c1)c1cccnc1
1034,O=C(N/N=C/c1ccc(O)cc1)c1cccnc1
1035,O=C(N/N=C/c1ccc(Cl)cc1)c1cccnc1
1036,O=C(N/N=C/c1ccccc1Br)c1cccnc1
1037,O=C(N/N=C/c1cccc(Cl)c1)c1cccnc1
1038,O=C(N/N=C/c1cccc(Cl)c1)c1ccncc1
1039,O=C(N/N=C/c1ccccc1)c1cccnc1
1040,O=C(/C=C/c1cccc(O)c1)c1ccccc1
1041,CCOc1ccc(/C=N/NC(=O)c2cccnc2)cc1
1042,CCOc1cccc(/C=N/NC(=O)c2cccnc2)c1O
1043,CCOc1ccc(/C=N/NC(=O)c2ccncc2)cc1
1044,CC(C)COc1ccc(-c2nc(-c3cccnc3)n[nH]2)cc1[N+](=O)[O-]
1045,Cc1cc(-c2n[nH]c(-c3ccc(OCC(C)C)c(C(=O)O)c3)n2)ccn1
1046,COc1cc(-c2n[nH]c(-c3ccc(OCC(C)C)c([N+](=O)[O-])c3)n2)ccn1
1047,Cc1cc(-c2n[nH]c(-c3ccc(OCC(C)C)c([N+](=O)[O-])c3)n2)cc(Cl)n1
1048,CC(C)COc1ccc(-c2nc(-c3ccccn3)n[nH]2)cc1[N+](=O)[O-]
1049,CC(=CCCC(C)(C1CCC(=C)CC1)O)C
1050,CC1=CCC(CC1)C(C)(CCC=C(C)C)O
1051,CC12CCCC(=C)C1CC(CC2)C(=C)CO
1052,CC(=CCCC(=C)C=C)C
1053,CC(=CCCC(C)(C=C)O)C
1054,CC(CCC=C(C)C)CC=O
1055,CC(=CCCC(=CCCC(=CC=O)C)C)C
1056,CCCCCC=CCC=CCCCCCCCC(=O)O
1057,CC(C)(C=C)C=CC(C)(C)O
1058,CC1(C2CCC(O1)(CC2)C)C
1059,CC1CCC(C2C1CCC(=C2)C)C(=C)CO
1060,CC1C2CC2(CC1=O)C(C)C
1061,CC1C2CC2(CC1=O)C(C)C
1062,CC(=CCCC(=CC=O)C)C
1063,CC(=CCCC(=CC=O)C)C
1064,CCCCCC(CCC)O
1065,CC(=CCCC(=O)C)C
1066,CC(CCC=C(C)C)CCOC(=O)N
1067,CC(=CCCC(=CCOC(=O)C)C)C
1068,CC(=O)C1=CC=CC=C1
1069,CC1CCC2=C(CCC(CC12)C(=C)C)C
1070,CC1(C2CCC(C2)C1=C)C
1071,CC1(C2CCC1(C(=O)C2)C)C
1072,CC(C)C1(C2CC(=C)CCC2C3(C1C3)C)O
1073,CC(=C)C1CC(CCC1(C)C=C)C(C)(C)O
1074,CC(C)C1=CC(=C(C)C)C(=O)C[C@]1(C)C=C
1075,CCCCCCC=O
1076,CC1(C2CC=C(C1C2)CO)C
1077,CCCCCC(CC)O
1078,CC1CCC23C1CC(C2(C)C)CC=C3C
1079,CC1CCC2=C1CC3CCC2(C3(C)C)C
1080,CC1CCC23C1CC(C2(C)C)CCC3=C
1081,CC1CCC2(C(=C)C3CCC2(C1C3)C)C
1082,COC1=C(C=C(C=C1)CC=C)OC
1083,CC(=O)OC1=C(C=C(C=C1)CC=C)OC
1084,CC1CCC(C(=CCC2C1CC2(C)C)C)O
1085,CC1=CCC2(C1C2)C(C)C
1086,CC(=C)CCCC(=C)C=C
1087,CC(C)C12CCC(=C)C1C2
1088,CC1(C2CCC1(C(C2)O)C)C
1089,CC1CCC2C1C3C(C3(C)C)CCC2=C
1090,CCCCCCCO
1091,CCCCCC(C=C)O
1092,CC1=CC2C(CC1)C(=C)CCCC2(C)C
1093,CC1=CCC(C=CCC(=CCC1)C)(C)C
1094,CC1=CC2C(CC1)C(=C)CCC2C(C)C
1095,CC1CCC2=C(CCC3C(C12)C3(C)C)C
1096,CC1=CC2C(CC1)C(=CCC2C(C)C)C
1097,CC1CCC2C1C3C(C3(C)C)CCC2(C)O
1098,CC1CCC2C1C3C(C3(C)C)CCC2(C)O
1099,CC1CCCC2(C1=CC(CC2)C(C)(C)O)C
1100,CC1CCC(C2C1(CCC(=C2)C)O)C(C)C
1101,CC1(C2C1C3C(CCC3(C)O)C(=C)CC2)C
1102,CC1=CCC2CC1C2(C)C
1103,CC1(C2CCC(C2)C1=C)C
1104,CC1(C2CCC(=C)C1C2)C
1105,CC1(C2CCC1(C(=O)C2)C)C
1106,CC1(C2CCC(C2)C1(C)O)C
1107,CC1(C2CCC1(C(C2)O)C)C
1108,CC1=CCCC(C1=C)(C)C
1109,CC1CCC2C(C2(C)C)C3=C(CCC13)C
1110,CC(C)C1=CC(=C(C)C)CCC1(C)C=C
1111,CC1=CC2C(CC1)C(=CCC2C(C)C)C
1112,CC1=CC2C(CCC(=C2CC1)C)C(C)C
1113,CC1CCC2C(CCC(C2=C1)(C(C)C)O)C
1114,CC1=CCC(C=CCC2(C(O2)CC1)C)(C)C
1115,CC1CCC(C2C1(CCC(=C2)C)O)C(C)C
1116,CC1=C2CCC(C2C3C(C3(C)C)CC1)(C)O
1117,CC1CCC(CC2=C1CCC2C)C(C)(C)O
1118,CC1=CCC2C(C1)C(CCC2(C)O)C(C)C
1119,CC1=CCC2C(C1)C(CCC2(C)O)C(C)C
1120,CC(=C1CCC2(CCCC(C2C1)(C)O)C)C
1121,CC1=C(C(CCC1)(C)C)CC=C(C)CO
1122,CC(=C)C1C=CCCC1(C)C=C
1123,CC1(CCC2C1C=CCCC2=C)O
1124,CC(=CCCC(=CCCC(=C)C=C)C)C
1125,CC1=CCCC(=CC2C(C2(C)C)CC1)C
1126,CC1=CCCC(=CCC(=C(C)C)CC1)C
1127,CC(=CCCC(=CCCC(C)(C=C)O)C)C
1128,CC(C)C1CCC2(C1CC(=C)CCC2=O)C
1129,CC1=C2CC(CCC2(CCC1)C)C(C)(C)O
1130,CC1CCC2C1C3C(C3(C)C)CCC24CO4
1131,CC(=CCC=C(C)C=C)C
1132,CCCCCCCCC=O
1133,CC1=CCC(CC1)(C(C)C)O
1134,CC1=CCC(CC1)C(C)(C)O
1135,CC1CCC2C(C2(C)C)C3=C1CCC3C
1136,CC1=C2C3C(C3(C)C)CCC2(CCC1)C
1137,CC1CCC2C1C3C(C3(C)C)CCC2=C
